data,1241664600,876757.0;47747.0;916255.0;34146.0;920986.0;50179.0,7117.0 143.0 109628 0.0000 0.0000 0.0000 0.0000 0.0000;19409.0 1015.0 109635 0.0000 0.0000 0.0000 0.0000 0.0000;1158.0 12.0 109648 0.0000 0.0000 0.0000 0.0000 0.0000;16913.0 1383.0 109652 0.0000 0.0000 0.0000 0.0000 0.0000;5131.0 177.0 109655 0.0000 0.0000 0.0000 0.0000 0.0000;6711.0 303.0 109656 0.0000 0.0000 0.0000 0.0000 0.0000;1975.0 9.0 109660 0.0000 0.0000 0.0000 0.0000 0.0000;7449.0 597.0 109661 0.0000 0.0000 0.0000 0.0000 0.0000;8472.0 472.0 109662 0.0000 0.0000 0.0000 0.0000 0.0000;9423.0 638.0 109663 0.0000 0.0000 0.0000 0.0000 0.0000;1788.0 29.0 109665 0.0000 0.0000 0.0000 0.0000 0.0000;3380.0 176.0 109666 0.0000 0.0000 0.0000 0.0000 0.0000;1912.0 38.0 109667 0.0000 0.0000 0.0000 0.0000 0.0000;4245.0 189.0 109668 0.0000 0.0000 0.0000 0.0000 0.0000;8355.0 668.0 109670 0.0000 0.0000 0.0000 0.0000 0.0000;2091.0 89.0 109671 0.0000 0.0000 0.0000 0.0000 0.0000;6070.0 405.0 109674 0.0000 0.0000 0.0000 0.0000 0.0000;8114.0 811.0 109676 0.0000 0.0000 0.0000 0.0000 0.0000;487.0 4.0 109678 0.0000 0.0000 0.0000 0.0000 0.0000;1020.0 36.0 109679 0.0000 0.0000 0.0000 0.0000 0.0000;907.0 26.0 109680 0.0000 0.0000 0.0000 0.0000 0.0000;672.0 17.0 109681 0.0000 0.0000 0.0000 0.0000 0.0000;1292.0 59.0 109682 0.0000 0.0000 0.0000 0.0000 0.0000,109628.0 2696;109635.0 2696;109648.0 2696;109652.0 2696;109655.0 2696;109656.0 2696;109660.0 2696;109661.0 2696;109662.0 2696;109663.0 2696;109665.0 2696;109666.0 2696;109667.0 2696;109668.0 2696;109670.0 2696;109671.0 2696;109674.0 2696;109676.0 2696;109678.0 2696;109679.0 2696;109680.0 2696;109681.0 2696;109682.0 2696,109628 113;109635 145;109648 106;109652 116;109655 104;109656 102;109660 102;109661 115;109662 133;109663 134;109665 130;109666 102;109667 112;109668 96;109670 126;109671 106;109674 127;109676 108;109678 120;109679 126;109680 111;109681 131;109682 131
data,1241664900,877515.0;47774.0;916999.0;34169.0;921740.0;50214.0,7143.0 143.0 109628 0.0000 0.0000 0.0000 0.0000 0.0000;19433.0 1015.0 109635 0.0000 0.0000 0.0000 0.0000 0.0000;1189.0 13.0 109648 -0.0536 0.1312 -0.0039 0.0528 -0.0036;16945.0 1384.0 109652 -0.0469 -0.0261 0.0262 0.1182 0.0005;5163.0 178.0 109655 -0.0674 -0.0322 0.0001 0.1480 -0.0009;6749.0 305.0 109656 -0.0668 0.1362 -0.0182 0.1194 -0.0078;2005.0 10.0 109660 -0.0372 0.0083 0.1118 -0.0281 -0.0009;7505.0 602.0 109661 0.0902 0.2522 0.0607 -0.0474 0.0542;8531.0 478.0 109662 -0.0257 -0.0617 0.1130 0.2051 -0.0241;9464.0 640.0 109663 0.1581 0.0052 -0.0449 -0.0039 -0.0061;1814.0 29.0 109665 0.0000 0.0000 0.0000 0.0000 0.0000;3407.0 176.0 109666 0.0000 0.0000 0.0000 0.0000 0.0000;1942.0 39.0 109667 -0.0369 0.0035 0.1101 -0.0219 -0.0003;4269.0 189.0 109668 0.0000 0.0000 0.0000 0.0000 0.0000;8397.0 670.0 109670 0.0818 -0.0224 0.0003 0.0836 -0.0033;2116.0 89.0 109671 0.0000 0.0000 0.0000 0.0000 0.0000;6104.0 406.0 109674 -0.0251 0.0483 -0.0083 0.0918 -0.0037;8147.0 812.0 109676 0.0390 -0.0058 0.0704 -0.0248 -0.0018;512.0 4.0 109678 0.0000 0.0000 0.0000 0.0000 0.0000;1045.0 36.0 109679 0.0000 0.0000 0.0000 0.0000 0.0000;940.0 27.0 109680 0.1091 -0.0164 -0.0234 0.0011 -0.0011;698.0 17.0 109681 0.0000 0.0000 0.0000 0.0000 0.0000;1331.0 61.0 109682 -0.0098 -0.0362 0.0638 0.1153 -0.0102,109628.0 17304;109635.0 17304;109648.0 17304;109652.0 17304;109655.0 17304;109656.0 17304;109660.0 17304;109661.0 17304;109662.0 17304;109663.0 17304;109665.0 17304;109666.0 17304;109667.0 17304;109668.0 17304;109670.0 17304;109671.0 17304;109674.0 17304;109676.0 17304;109678.0 17304;109679.0 17304;109680.0 17304;109681.0 17304;109682.0 17304,109628 728;109635 782;109648 746;109652 759;109655 758;109656 802;109660 738;109661 776;109662 740;109663 710;109665 717;109666 676;109667 783;109668 753;109670 735;109671 735;109674 750;109676 758;109678 772;109679 811;109680 742;109681 740;109682 793
data,1241665200,878393.0;47802.0;917873.0;34190.0;922607.0;50257.0,7185.0 145.0 109628 -0.0389 -0.0045 0.0306 0.1015 -0.0029;19459.0 1015.0 109635 0.0000 0.0000 0.0000 0.0000 0.0000;1216.0 13.0 109648 -0.0312 0.0816 -0.0014 0.0318 -0.0012;16996.0 1387.0 109652 -0.0314 0.1098 0.0809 0.0510 -0.0034;5201.0 179.0 109655 0.0241 -0.0316 -0.0103 0.0890 -0.0010;6777.0 305.0 109656 -0.0463 0.0904 -0.0118 0.0793 -0.0030;2054.0 12.0 109660 0.0122 -0.0158 0.0713 0.0505 -0.0018;7543.0 602.0 109661 0.0549 0.1460 0.0350 -0.0239 0.0313;8578.0 478.0 109662 -0.0176 -0.0590 0.0447 0.1485 -0.0218;9506.0 641.0 109663 0.0988 -0.0127 -0.0339 0.0435 -0.0076;1838.0 29.0 109665 0.0000 0.0000 0.0000 0.0000 0.0000;3446.0 179.0 109666 0.0008 0.1927 -0.0007 0.0080 -0.0023;1971.0 39.0 109667 -0.0191 0.0029 0.0640 -0.0146 -0.0009;4311.0 192.0 109668 0.0030 0.1117 -0.0093 0.0861 -0.0004;8462.0 674.0 109670 0.0420 0.0088 -0.0254 0.1148 0.0708;2185.0 94.0 109671 -0.0546 -0.0167 0.0810 0.1171 -0.0076;6132.0 406.0 109674 -0.0174 0.0369 -0.0040 0.0545 -0.0023;8177.0 812.0 109676 0.0186 -0.0025 0.0453 -0.0160 -0.0013;537.0 4.0 109678 0.0000 0.0000 0.0000 0.0000 0.0000;1068.0 36.0 109679 0.0000 0.0000 0.0000 0.0000 0.0000;973.0 27.0 109680 0.0616 -0.0128 -0.0141 0.0010 -0.0026;722.0 17.0 109681 0.0000 0.0000 0.0000 0.0000 0.0000;1390.0 65.0 109682 0.0075 0.1766 0.0447 0.0426 -0.0107,109628.0 20000;109635.0 20000;109648.0 20000;109652.0 20000;109655.0 20000;109656.0 20000;109660.0 20000;109661.0 20000;109662.0 20000;109663.0 20000;109665.0 20000;109666.0 20000;109667.0 20000;109668.0 20000;109670.0 20000;109671.0 20000;109674.0 20000;109676.0 20000;109678.0 20000;109679.0 20000;109680.0 20000;109681.0 20000;109682.0 20000,109628 812;109635 875;109648 898;109652 884;109655 920;109656 862;109660 904;109661 824;109662 896;109663 898;109665 832;109666 831;109667 827;109668 886;109670 833;109671 878;109674 895;109676 870;109678 870;109679 855;109680 845;109681 932;109682 873
data,1241665500,879255.0;47832.0;918773.0;34215.0;923505.0;50310.0,7211.0 145.0 109628 -0.0299 -0.0081 0.0173 0.0816 -0.0017;19492.0 1016.0 109635 -0.0234 -0.0090 -0.0098 0.0725 -0.0002;1239.0 13.0 109648 -0.0217 0.0583 -0.0010 0.0257 -0.0007;17027.0 1387.0 109652 -0.0285 0.0794 0.0591 0.0446 -0.0033;5232.0 179.0 109655 0.0134 -0.0280 -0.0087 0.0744 -0.0007;6803.0 305.0 109656 -0.0354 0.0695 -0.0089 0.0624 -0.0019;2102.0 14.0 109660 -0.0167 -0.0188 0.0644 0.0797 -0.0036;7572.0 602.0 109661 0.0423 0.1115 0.0277 -0.0176 0.0249;8615.0 478.0 109662 -0.0172 -0.0453 0.0328 0.1196 -0.0133;9538.0 641.0 109663 0.0750 -0.0126 -0.0270 0.0337 -0.0047;1859.0 29.0 109665 0.0000 0.0000 0.0000 0.0000 0.0000;3473.0 179.0 109666 -0.0013 0.1261 -0.0007 0.0105 -0.0011;1994.0 39.0 109667 -0.0156 0.0024 0.0489 -0.0114 -0.0004;4356.0 193.0 109668 -0.0209 0.0862 -0.0135 0.0880 -0.0007;8570.0 686.0 109670 -0.0174 0.0516 -0.0338 0.1880 0.0973;2219.0 94.0 109671 -0.0436 -0.0138 0.0599 0.0951 -0.0054;6186.0 409.0 109674 0.0870 0.0172 -0.0230 0.0295 -0.0020;8199.0 812.0 109676 0.0140 -0.0019 0.0337 -0.0111 -0.0007;556.0 4.0 109678 0.0000 0.0000 0.0000 0.0000 0.0000;1149.0 43.0 109679 0.0959 -0.0191 0.1110 -0.0474 -0.0051;999.0 27.0 109680 0.0464 -0.0087 -0.0107 0.0013 -0.0019;742.0 17.0 109681 0.0000 0.0000 0.0000 0.0000 0.0000;1456.0 69.0 109682 -0.0167 0.1338 0.0867 0.0626 -0.0090,109628.0 20000;109635.0 20000;109648.0 20000;109652.0 20000;109655.0 20000;109656.0 20000;109660.0 20000;109661.0 20000;109662.0 20000;109663.0 20000;109665.0 20000;109666.0 20000;109667.0 20000;109668.0 20000;109670.0 20000;109671.0 20000;109674.0 20000;109676.0 20000;109678.0 20000;109679.0 20000;109680.0 20000;109681.0 20000;109682.0 20000,109628 840;109635 915;109648 854;109652 854;109655 858;109656 794;109660 825;109661 872;109662 854;109663 920;109665 918;109666 841;109667 871;109668 864;109670 881;109671 882;109674 890;109676 908;109678 905;109679 866;109680 863;109681 881;109682 844
data,1241665800,880134.0;47868.0;919638.0;34247.0;924370.0;50377.0,7233.0 145.0 109628 -0.0256 -0.0066 0.0148 0.0684 -0.0012;19522.0 1017.0 109635 -0.0295 -0.0073 0.0205 0.0684 -0.0003;1259.0 13.0 109648 -0.0177 0.0496 -0.0012 0.0227 -0.0005;17051.0 1387.0 109652 -0.0210 0.0628 0.0490 0.0402 -0.0022;5255.0 179.0 109655 0.0102 -0.0215 -0.0065 0.0633 -0.0007;6841.0 307.0 109656 -0.0454 0.0465 -0.0180 0.0932 0.0372;2129.0 14.0 109660 -0.0145 -0.0162 0.0524 0.0711 -0.0026;7610.0 603.0 109661 0.0288 0.0859 0.0181 0.0335 0.0186;8642.0 478.0 109662 -0.0151 -0.0385 0.0254 0.1065 -0.0092;9562.0 641.0 109663 0.0598 -0.0083 -0.0183 0.0309 -0.0036;1877.0 29.0 109665 0.0000 0.0000 0.0000 0.0000 0.0000;3497.0 179.0 109666 -0.0039 0.1040 -0.0001 0.0094 -0.0014;2027.0 40.0 109667 -0.0206 -0.0024 0.0397 0.0368 -0.0007;4447.0 201.0 109668 0.0936 0.0660 -0.0361 0.0852 -0.0017;8691.0 697.0 109670 -0.0139 0.1062 -0.0476 0.1703 0.0788;2254.0 95.0 109671 -0.0422 -0.0102 0.0652 0.0776 -0.0052;6237.0 412.0 109674 0.0814 0.0638 -0.0250 0.0415 -0.0073;8237.0 814.0 109676 0.0372 0.0704 0.0239 -0.0207 -0.0013;577.0 4.0 109678 0.0000 0.0000 0.0000 0.0000 0.0000;1240.0 48.0 109679 0.0734 -0.0094 0.1017 -0.0534 -0.0064;1017.0 27.0 109680 0.0376 -0.0067 -0.0078 0.0030 -0.0012;774.0 18.0 109681 -0.0211 0.0014 -0.0090 0.0610 -0.0007;1489.0 69.0 109682 -0.0132 0.1063 0.0700 0.0590 -0.0058,109628.0 20000;109635.0 20000;109648.0 20000;109652.0 20000;109655.0 20000;109656.0 20000;109660.0 20000;109661.0 20000;109662.0 20000;109663.0 20000;109665.0 20000;109666.0 20000;109667.0 20000;109668.0 20000;109670.0 20000;109671.0 20000;109674.0 20000;109676.0 20000;109678.0 20000;109679.0 20000;109680.0 20000;109681.0 20000;109682.0 20000,109628 912;109635 885;109648 911;109652 863;109655 865;109656 848;109660 864;109661 907;109662 836;109663 877;109665 845;109666 857;109667 872;109668 856;109670 882;109671 893;109674 894;109676 892;109678 863;109679 794;109680 822;109681 879;109682 883
data,1241666100,881011.0;47900.0;920551.0;34271.0;925274.0;50429.0,7268.0 146.0 109628 0.0131 -0.0072 0.0082 0.0576 -0.0013;19573.0 1019.0 109635 0.0204 -0.0147 0.0128 0.0640 -0.0011;1283.0 14.0 109648 -0.0263 0.0863 0.0005 0.0136 -0.0005;17071.0 1387.0 109652 -0.0188 0.0581 0.0420 0.0371 -0.0016;5277.0 179.0 109655 0.0087 -0.0182 -0.0049 0.0545 -0.0005;6864.0 307.0 109656 -0.0409 0.0474 -0.0139 0.0790 0.0311;2173.0 16.0 109660 -0.0268 -0.0228 0.0446 0.0945 -0.0026;7646.0 604.0 109661 0.0202 0.0813 0.0372 0.0267 0.0151;8683.0 480.0 109662 -0.0248 -0.0412 0.0175 0.1124 0.0254;9584.0 641.0 109663 0.0508 -0.0058 -0.0147 0.0289 -0.0029;1895.0 29.0 109665 0.0000 0.0000 0.0000 0.0000 0.0000;3523.0 180.0 109666 -0.0121 0.1168 0.0014 0.0007 -0.0011;2048.0 40.0 109667 -0.0174 -0.0023 0.0338 0.0328 -0.0005;4540.0 205.0 109668 0.0806 0.0656 -0.0371 0.0742 -0.0048;8786.0 704.0 109670 -0.0321 0.1104 -0.0311 0.1649 0.0692;2281.0 95.0 109671 -0.0388 -0.0085 0.0561 0.0717 -0.0041;6282.0 413.0 109674 0.0688 0.0484 -0.0236 0.0488 -0.0060;8288.0 819.0 109676 0.0615 0.0766 0.0022 0.0780 -0.0037;608.0 5.0 109678 -0.0053 0.0011 0.0319 -0.0044 -0.0004;1279.0 48.0 109679 0.0603 -0.0075 0.0868 -0.0446 -0.0080;1038.0 27.0 109680 0.0316 -0.0049 -0.0062 0.0029 -0.0009;795.0 18.0 109681 -0.0197 0.0019 -0.0073 0.0525 -0.0005;1560.0 73.0 109682 0.0095 0.0943 0.0734 0.0550 -0.0071,109628.0 20000;109635.0 20000;109648.0 20000;109652.0 20000;109655.0 20000;109656.0 20000;109660.0 20000;109661.0 20000;109662.0 20000;109663.0 20000;109665.0 20000;109666.0 20000;109667.0 20000;109668.0 20000;109670.0 20000;109671.0 20000;109674.0 20000;109676.0 20000;109678.0 20000;109679.0 20000;109680.0 20000;109681.0 20000;109682.0 20000,109628 892;109635 902;109648 866;109652 901;109655 872;109656 855;109660 937;109661 845;109662 868;109663 851;109665 864;109666 872;109667 919;109668 877;109670 809;109671 820;109674 866;109676 857;109678 874;109679 863;109680 826;109681 874;109682 890
data,1241666400,881888.0;47939.0;921410.0;34299.0;926128.0;50479.0,7301.0 147.0 109628 0.0350 -0.0065 0.0040 0.0491 -0.0014;19594.0 1019.0 109635 0.0204 -0.0119 0.0117 0.0563 -0.0011;1301.0 14.0 109648 -0.0228 0.0744 0.0001 0.0139 -0.0004;17093.0 1387.0 109652 -0.0147 0.0488 0.0372 0.0335 -0.0012;5294.0 179.0 109655 0.0087 -0.0133 -0.0039 0.0486 -0.0004;6882.0 307.0 109656 -0.0358 0.0402 -0.0128 0.0730 0.0255;2201.0 17.0 109660 -0.0318 -0.0235 0.0390 0.1017 -0.0022;7700.0 607.0 109661 0.0088 0.0695 0.0559 0.0459 0.0118;8733.0 483.0 109662 -0.0336 -0.0287 0.0514 0.1005 0.0208;9602.0 641.0 109663 0.0466 -0.0041 -0.0130 0.0269 -0.0023;1910.0 29.0 109665 0.0000 0.0000 0.0000 0.0000 0.0000;3551.0 181.0 109666 -0.0148 0.1052 0.0298 0.0002 -0.0012;2086.0 42.0 109667 -0.0361 -0.0090 0.0243 0.0857 -0.0007;4570.0 205.0 109668 0.0785 0.0546 -0.0375 0.0691 -0.0047;8880.0 713.0 109670 -0.0383 0.1084 -0.0388 0.1676 0.0542;2326.0 98.0 109671 -0.0531 0.0449 0.0639 0.0763 -0.0038;6312.0 414.0 109674 0.0607 0.0730 -0.0209 0.0424 -0.0048;8473.0 831.0 109676 0.0922 0.0469 -0.0156 0.0713 -0.0053;624.0 5.0 109678 -0.0044 0.0008 0.0281 -0.0041 -0.0003;1327.0 50.0 109679 0.0517 -0.0107 0.0803 -0.0043 -0.0072;1053.0 27.0 109680 0.0279 -0.0036 -0.0050 0.0035 -0.0006;811.0 18.0 109681 -0.0175 0.0013 -0.0060 0.0476 -0.0004;1598.0 74.0 109682 0.0144 0.0828 0.0683 0.0566 -0.0066,109628.0 20000;109635.0 20000;109648.0 20000;109652.0 20000;109655.0 20000;109656.0 20000;109660.0 20000;109661.0 20000;109662.0 20000;109663.0 20000;109665.0 20000;109666.0 20000;109667.0 20000;109668.0 20000;109670.0 20000;109671.0 20000;109674.0 20000;109676.0 20000;109678.0 20000;109679.0 20000;109680.0 20000;109681.0 20000;109682.0 20000,109628 924;109635 847;109648 865;109652 857;109655 909;109656 868;109660 896;109661 866;109662 839;109663 890;109665 872;109666 821;109667 855;109668 868;109670 877;109671 874;109674 913;109676 827;109678 859;109679 863;109680 838;109681 902;109682 870
data,1241666700,882758.0;47979.0;922249.0;34324.0;927001.0;50534.0,7382.0 153.0 109628 0.0183 0.0000 0.0797 0.0303 -0.0024;19614.0 1019.0 109635 0.0184 -0.0099 0.0109 0.0521 -0.0009;1316.0 14.0 109648 -0.0205 0.0688 0.0001 0.0128 -0.0003;17147.0 1392.0 109652 -0.0273 0.1118 0.0321 0.0550 -0.0014;5321.0 180.0 109655 0.0282 -0.0141 -0.0067 0.0464 -0.0006;6901.0 307.0 109656 -0.0326 0.0366 -0.0114 0.0685 0.0221;2223.0 17.0 109660 -0.0292 -0.0224 0.0361 0.0938 -0.0018;7757.0 610.0 109661 -0.0045 0.0613 0.0517 0.0777 0.0089;8768.0 484.0 109662 -0.0331 -0.0222 0.0471 0.0946 0.0318;9642.0 643.0 109663 0.0377 -0.0139 -0.0166 0.0667 -0.0008;1926.0 29.0 109665 0.0000 0.0000 0.0000 0.0000 0.0000;3580.0 182.0 109666 -0.0165 0.0961 0.0448 -0.0026 -0.0015;2101.0 42.0 109667 -0.0337 -0.0086 0.0237 0.0781 -0.0007;4607.0 206.0 109668 0.0699 0.0642 -0.0346 0.0653 -0.0049;9001.0 724.0 109670 0.0025 0.1035 -0.0484 0.1621 0.0441;2363.0 100.0 109671 -0.0542 0.0428 0.0557 0.0913 -0.0035;6337.0 414.0 109674 0.0574 0.0583 -0.0200 0.0415 -0.0046;8525.0 833.0 109676 0.0901 0.0487 -0.0172 0.0660 -0.0079;639.0 5.0 109678 -0.0040 0.0007 0.0265 -0.0039 -0.0002;1359.0 50.0 109679 0.0456 -0.0077 0.0762 -0.0064 -0.0078;1116.0 31.0 109680 0.0157 -0.0113 -0.0139 0.0852 -0.0019;841.0 19.0 109681 -0.0214 0.0026 0.0233 0.0399 -0.0004;1626.0 74.0 109682 0.0135 0.0777 0.0634 0.0514 -0.0059,109628.0 20000;109635.0 20000;109648.0 20000;109652.0 20000;109655.0 20000;109656.0 20000;109660.0 20000;109661.0 20000;109662.0 20000;109663.0 20000;109665.0 20000;109666.0 20000;109667.0 20000;109668.0 20000;109670.0 20000;109671.0 20000;109674.0 20000;109676.0 20000;109678.0 20000;109679.0 20000;109680.0 20000;109681.0 20000;109682.0 20000,109628 847;109635 904;109648 846;109652 891;109655 824;109656 883;109660 877;109661 880;109662 862;109663 868;109665 835;109666 839;109667 882;109668 882;109670 853;109671 889;109674 900;109676 844;109678 903;109679 840;109680 893;109681 883;109682 875
data,1241667000,883612.0;48017.0;923116.0;34349.0;927851.0;50582.0,7410.0 153.0 109628 0.0201 -0.0002 0.0655 0.0301 -0.0025;19629.0 1019.0 109635 0.0168 -0.0089 0.0102 0.0498 -0.0008;1330.0 14.0 109648 -0.0174 0.0633 -0.0001 0.0121 -0.0003;17176.0 1393.0 109652 -0.0276 0.1088 0.0314 0.0554 -0.0014;5336.0 180.0 109655 0.0261 -0.0123 -0.0062 0.0430 -0.0005;6918.0 307.0 109656 -0.0284 0.0359 -0.0100 0.0617 0.0194;2240.0 17.0 109660 -0.0266 -0.0193 0.0355 0.0856 -0.0016;7795.0 612.0 109661 -0.0114 0.0730 0.0485 0.0816 0.0076;8798.0 485.0 109662 -0.0294 -0.0197 0.0469 0.0871 0.0363;9684.0 645.0 109663 0.0497 -0.0152 -0.0205 0.0644 -0.0013;1938.0 29.0 109665 0.0000 0.0000 0.0000 0.0000 0.0000;3611.0 184.0 109666 -0.0261 0.1180 0.0434 -0.0105 -0.0016;2133.0 43.0 109667 -0.0112 -0.0091 0.0212 0.0726 -0.0005;4640.0 207.0 109668 0.0633 0.0614 -0.0337 0.0691 -0.0050;9091.0 729.0 109670 -0.0061 0.1023 -0.0446 0.1540 0.0421;2394.0 101.0 109671 -0.0242 0.0383 0.0511 0.0831 -0.0032;6410.0 419.0 109674 0.0371 0.0685 0.0207 0.0668 -0.0043;8583.0 836.0 109676 0.0863 0.0566 -0.0163 0.0612 -0.0080;682.0 7.0 109678 -0.0197 -0.0013 0.0212 0.0570 -0.0003;1380.0 50.0 109679 0.0433 -0.0071 0.0721 -0.0051 -0.0073;1134.0 31.0 109680 0.0135 -0.0106 -0.0132 0.0798 -0.0018;882.0 21.0 109681 -0.0278 0.0050 0.0503 0.0300 -0.0009;1752.0 84.0 109682 0.0220 0.0718 0.0862 0.0473 -0.0075,109628.0 20000;109635.0 20000;109648.0 20000;109652.0 20000;109655.0 20000;109656.0 20000;109660.0 20000;109661.0 20000;109662.0 20000;109663.0 20000;109665.0 20000;109666.0 20000;109667.0 20000;109668.0 20000;109670.0 20000;109671.0 20000;109674.0 20000;109676.0 20000;109678.0 20000;109679.0 20000;109680.0 20000;109681.0 20000;109682.0 20000,109628 885;109635 865;109648 843;109652 854;109655 793;109656 844;109660 886;109661 880;109662 887;109663 868;109665 871;109666 863;109667 884;109668 909;109670 924;109671 880;109674 847;109676 852;109678 840;109679 875;109680 869;109681 916;109682 865
data,1241667600,884486.0;48054.0;923926.0;34374.0;928765.0;50621.0,7432.0 153.0 109628 0.0194 0.0001 0.0601 0.0287 -0.0022;19659.0 1020.0 109635 0.0131 -0.0070 0.0265 0.0441 -0.0007;1346.0 14.0 109648 -0.0159 0.0610 -0.0000 0.0110 -0.0002;17203.0 1394.0 109652 -0.0069 0.1023 0.0272 0.0488 -0.0014;5354.0 180.0 109655 0.0246 -0.0113 -0.0052 0.0402 -0.0004;6959.0 310.0 109656 -0.0361 0.0756 -0.0111 0.0685 0.0171;2270.0 19.0 109660 -0.0131 -0.0233 0.0264 0.1039 -0.0017;7821.0 612.0 109661 -0.0112 0.0678 0.0446 0.0776 0.0070;8825.0 485.0 109662 -0.0279 -0.0180 0.0433 0.0835 0.0330;9794.0 653.0 109663 0.0573 -0.0271 -0.0092 0.0774 0.0321;1954.0 29.0 109665 0.0000 0.0000 0.0000 0.0000 0.0000;3633.0 184.0 109666 -0.0259 0.1098 0.0393 -0.0090 -0.0016;2154.0 43.0 109667 -0.0109 -0.0084 0.0191 0.0685 -0.0004;4666.0 207.0 109668 0.0583 0.0576 -0.0315 0.0669 -0.0047;9214.0 738.0 109670 -0.0119 0.0949 0.0369 0.1469 0.0356;2450.0 105.0 109671 -0.0415 0.0533 0.0490 0.1004 -0.0044;6476.0 423.0 109674 0.0332 0.0840 0.0194 0.0676 -0.0045;8622.0 836.0 109676 0.0808 0.0522 -0.0162 0.0571 -0.0090;694.0 7.0 109678 -0.0190 -0.0012 0.0198 0.0548 -0.0002;1413.0 51.0 109679 0.0540 -0.0113 0.0660 -0.0111 -0.0072;1176.0 33.0 109680 0.0174 0.0243 -0.0128 0.0744 -0.0020;898.0 21.0 109681 -0.0260 0.0046 0.0465 0.0291 -0.0007;1807.0 86.0 109682 0.0203 0.0662 0.0815 0.0487 0.0054,109628.0 20000;109635.0 20000;109648.0 20000;109652.0 20000;109655.0 20000;109656.0 20000;109660.0 20000;109661.0 20000;109662.0 20000;109663.0 20000;109665.0 20000;109666.0 20000;109667.0 20000;109668.0 20000;109670.0 20000;109671.0 20000;109674.0 20000;109676.0 20000;109678.0 20000;109679.0 20000;109680.0 20000;109681.0 20000;109682.0 20000,109628 844;109635 863;109648 898;109652 840;109655 865;109656 841;109660 922;109661 827;109662 863;109663 848;109665 909;109666 845;109667 878;109668 911;109670 854;109671 843;109674 879;109676 910;109678 860;109679 879;109680 843;109681 878;109682 900
data,1241667900,885341.0;48091.0;924805.0;34397.0;929647.0;50653.0,7451.0 153.0 109628 0.0181 0.0002 0.0570 0.0280 -0.0019;19685.0 1021.0 109635 0.0088 0.0326 0.0262 0.0400 -0.0007;1371.0 15.0 109648 -0.0149 0.0566 -0.0003 0.0107 0.0165;17239.0 1395.0 109652 0.0013 0.0969 0.0254 0.0480 -0.0015;5389.0 182.0 109655 0.0119 -0.0177 -0.0114 0.0733 -0.0008;6974.0 310.0 109656 -0.0349 0.0715 -0.0104 0.0671 0.0157;2298.0 19.0 109660 -0.0111 -0.0211 0.0288 0.0877 -0.0014;7851.0 613.0 109661 -0.0001 0.0623 0.0420 0.0752 0.0062;8854.0 486.0 109662 -0.0291 -0.0151 0.0496 0.0781 0.0303;9827.0 653.0 109663 0.0542 -0.0271 -0.0093 0.0756 0.0244;1966.0 29.0 109665 0.0000 0.0000 0.0000 0.0000 0.0000;3652.0 185.0 109666 -0.0279 0.1122 0.0375 -0.0098 -0.0017;2169.0 43.0 109667 -0.0099 -0.0084 0.0182 0.0652 -0.0004;4708.0 209.0 109668 0.0516 0.0516 -0.0311 0.0800 -0.0051;9415.0 754.0 109670 -0.0256 0.1003 0.0383 0.1475 0.0462;2541.0 110.0 109671 0.0086 0.0402 0.0408 0.0984 -0.0043;6508.0 424.0 109674 0.0309 0.0818 0.0178 0.0683 -0.0041;8667.0 838.0 109676 0.0862 0.0457 -0.0059 0.0478 -0.0100;709.0 7.0 109678 -0.0180 -0.0010 0.0188 0.0517 -0.0002;1436.0 51.0 109679 0.0489 -0.0102 0.0625 -0.0070 -0.0065;1193.0 33.0 109680 0.0158 0.0229 -0.0119 0.0724 -0.0017;913.0 21.0 109681 -0.0233 0.0043 0.0435 0.0277 -0.0007;1859.0 89.0 109682 0.0420 0.0567 0.0764 0.0436 0.0036,109628.0 20000;109635.0 20000;109648.0 20000;109652.0 20000;109655.0 20000;109656.0 20000;109660.0 20000;109661.0 20000;109662.0 20000;109663.0 20000;109665.0 20000;109666.0 20000;109667.0 20000;109668.0 20000;109670.0 20000;109671.0 20000;109674.0 20000;109676.0 20000;109678.0 20000;109679.0 20000;109680.0 20000;109681.0 20000;109682.0 20000,109628 878;109635 852;109648 904;109652 846;109655 871;109656 827;109660 825;109661 848;109662 872;109663 917;109665 816;109666 842;109667 920;109668 887;109670 901;109671 906;109674 937;109676 860;109678 826;109679 863;109680 876;109681 872;109682 854
data,1241668200,886231.0;48120.0;925622.0;34418.0;930551.0;50701.0,7473.0 153.0 109628 0.0166 -0.0002 0.0525 0.0297 -0.0018;19728.0 1023.0 109635 0.0233 0.0494 0.0225 0.0339 -0.0009;1389.0 15.0 109648 -0.0140 0.0551 -0.0002 0.0102 0.0145;17263.0 1395.0 109652 -0.0003 0.0924 0.0230 0.0473 -0.0016;5411.0 182.0 109655 0.0085 -0.0168 -0.0105 0.0723 -0.0007;7018.0 312.0 109656 -0.0202 0.0799 -0.0105 0.0646 0.0139;2327.0 19.0 109660 -0.0122 -0.0205 0.0261 0.0849 -0.0013;7881.0 613.0 109661 -0.0014 0.0582 0.0388 0.0732 0.0055;8890.0 487.0 109662 -0.0310 -0.0140 0.0510 0.0769 0.0272;9862.0 653.0 109663 0.0488 -0.0262 -0.0094 0.0734 0.0219;1981.0 29.0 109665 0.0000 0.0000 0.0000 0.0000 0.0000;3676.0 186.0 109666 -0.0318 0.1187 0.0350 -0.0123 -0.0016;2189.0 43.0 109667 -0.0099 -0.0080 0.0166 0.0639 -0.0004;4740.0 209.0 109668 0.0486 0.0492 -0.0288 0.0754 -0.0046;9589.0 770.0 109670 -0.0421 0.0790 0.0304 0.1652 0.0410;2575.0 110.0 109671 0.0046 0.0399 0.0373 0.0947 -0.0039;6573.0 427.0 109674 0.0250 0.0787 0.0152 0.0777 -0.0045;8713.0 839.0 109676 0.0765 0.0438 0.0049 0.0492 -0.0096;740.0 8.0 109678 -0.0246 -0.0031 0.0150 0.0670 -0.0002;1464.0 51.0 109679 0.0471 -0.0104 0.0584 -0.0058 -0.0057;1226.0 34.0 109680 0.0099 0.0467 -0.0097 0.0670 -0.0015;933.0 21.0 109681 -0.0207 0.0039 0.0396 0.0268 -0.0005;1924.0 90.0 109682 0.0322 0.0558 0.0709 0.0488 0.0018,109628.0 20000;109635.0 20000;109648.0 20000;109652.0 20000;109655.0 20000;109656.0 20000;109660.0 20000;109661.0 20000;109662.0 20000;109663.0 20000;109665.0 20000;109666.0 20000;109667.0 20000;109668.0 20000;109670.0 20000;109671.0 20000;109674.0 20000;109676.0 20000;109678.0 20000;109679.0 20000;109680.0 20000;109681.0 20000;109682.0 20000,109628 866;109635 912;109648 847;109652 903;109655 852;109656 835;109660 885;109661 861;109662 864;109663 882;109665 888;109666 860;109667 841;109668 884;109670 842;109671 899;109674 903;109676 888;109678 833;109679 885;109680 865;109681 900;109682 805
data,1241668500,887081.0;48165.0;926458.0;34448.0;931486.0;50748.0,7492.0 153.0 109628 0.0152 -0.0002 0.0496 0.0305 -0.0016;19758.0 1024.0 109635 0.0220 0.0588 0.0211 0.0320 -0.0009;1422.0 16.0 109648 0.0082 0.0495 -0.0005 0.0088 0.0132;17296.0 1396.0 109652 0.0056 0.0865 0.0212 0.0498 -0.0016;5427.0 182.0 109655 0.0070 -0.0157 -0.0101 0.0719 -0.0006;7085.0 316.0 109656 -0.0090 0.0733 -0.0159 0.0851 0.0124;2376.0 22.0 109660 0.0178 -0.0254 0.0210 0.0860 -0.0012;7900.0 613.0 109661 -0.0024 0.0551 0.0363 0.0742 0.0051;8925.0 488.0 109662 -0.0167 -0.0163 0.0482 0.0763 0.0250;9883.0 653.0 109663 0.0464 -0.0256 -0.0093 0.0726 0.0200;1994.0 29.0 109665 0.0000 0.0000 0.0000 0.0000 0.0000;3697.0 186.0 109666 -0.0297 0.1063 0.0325 -0.0081 -0.0013;2203.0 43.0 109667 -0.0105 -0.0077 0.0156 0.0641 -0.0003;4766.0 209.0 109668 0.0452 0.0474 -0.0273 0.0741 -0.0043;9797.0 799.0 109670 -0.0522 0.0690 0.0429 0.1817 0.0355;2596.0 110.0 109671 0.0030 0.0366 0.0354 0.0943 -0.0038;6598.0 427.0 109674 0.0228 0.0748 0.0135 0.0772 -0.0043;8762.0 840.0 109676 0.0726 0.0408 0.0078 0.0498 -0.0095;758.0 8.0 109678 -0.0248 -0.0042 0.0137 0.0669 -0.0002;1496.0 52.0 109679 0.0454 -0.0103 0.0583 -0.0060 -0.0053;1243.0 34.0 109680 0.0078 0.0437 -0.0092 0.0673 -0.0014;958.0 22.0 109681 -0.0242 0.0388 0.0382 0.0239 -0.0004;1983.0 92.0 109682 0.0289 0.0524 0.0700 0.0486 0.0068,109628.0 20000;109635.0 20000;109648.0 20000;109652.0 20000;109655.0 20000;109656.0 20000;109660.0 20000;109661.0 20000;109662.0 20000;109663.0 20000;109665.0 20000;109666.0 20000;109667.0 20000;109668.0 20000;109670.0 20000;109671.0 20000;109674.0 20000;109676.0 20000;109678.0 20000;109679.0 20000;109680.0 20000;109681.0 20000;109682.0 20000,109628 802;109635 896;109648 883;109652 823;109655 830;109656 861;109660 845;109661 907;109662 869;109663 896;109665 874;109666 849;109667 869;109668 864;109670 880;109671 922;109674 862;109676 911;109678 859;109679 865;109680 858;109681 905;109682 870
data,1241669100,887465.0;48183.0;927283.0;34478.0;932319.0;50798.0,7496.0 153.0 109628 0.0145 -0.0001 0.0495 0.0308 -0.0015;19761.0 1024.0 109635 0.0216 0.0577 0.0212 0.0322 -0.0009;1424.0 16.0 109648 0.0084 0.0480 -0.0006 0.0090 0.0131;17301.0 1396.0 109652 0.0046 0.0846 0.0212 0.0505 -0.0016;5428.0 182.0 109655 0.0070 -0.0157 -0.0101 0.0719 -0.0006;7089.0 316.0 109656 -0.0090 0.0720 -0.0158 0.0849 0.0120;2387.0 22.0 109660 0.0146 -0.0251 0.0209 0.0861 -0.0012;7904.0 613.0 109661 -0.0023 0.0535 0.0358 0.0744 0.0050;8931.0 488.0 109662 -0.0168 -0.0162 0.0474 0.0766 0.0243;9887.0 653.0 109663 0.0459 -0.0254 -0.0092 0.0727 0.0195;1996.0 29.0 109665 0.0000 0.0000 0.0000 0.0000 0.0000;3699.0 186.0 109666 -0.0292 0.1047 0.0325 -0.0076 -0.0013;2206.0 43.0 109667 -0.0105 -0.0077 0.0153 0.0642 -0.0003;4771.0 209.0 109668 0.0445 0.0459 -0.0271 0.0744 -0.0042;9852.0 807.0 109670 -0.0600 0.0842 0.0409 0.1830 0.0340;2600.0 110.0 109671 0.0029 0.0361 0.0346 0.0944 -0.0037;6601.0 427.0 109674 0.0227 0.0736 0.0135 0.0773 -0.0042;8775.0 841.0 109676 0.0733 0.0382 0.0136 0.0495 -0.0102;759.0 8.0 109678 -0.0248 -0.0042 0.0137 0.0669 -0.0002;1503.0 52.0 109679 0.0434 -0.0099 0.0580 -0.0048 -0.0052;1247.0 34.0 109680 0.0075 0.0437 -0.0090 0.0672 -0.0013;961.0 22.0 109681 -0.0240 0.0388 0.0377 0.0240 -0.0004;2002.0 93.0 109682 0.0257 0.0516 0.0722 0.0485 0.0061;219.0 8.0 109683 0.0398 0.0057 0.0133 0.1044 -0.0048,109628.0 20000;109635.0 20000;109648.0 20000;109652.0 20000;109655.0 19639;109656.0 20000;109660.0 20000;109661.0 20000;109662.0 20000;109663.0 20000;109665.0 20000;109666.0 20000;109667.0 20000;109668.0 20000;109670.0 20000;109671.0 20000;109674.0 20000;109676.0 20000;109678.0 20000;109679.0 20000;109680.0 20000;109681.0 20000;109682.0 20000;109683.0 16179,109628 855;109635 811;109648 906;109652 869;109655 641;109656 882;109660 884;109661 872;109662 901;109663 829;109665 801;109666 816;109667 873;109668 831;109670 894;109671 913;109674 877;109676 849;109678 879;109679 980;109680 851;109681 894;109682 873;109683 219
data,1241669400,888331.0;48236.0;928108.0;34510.0;933201.0;50855.0,7503.0 153.0 109628 0.0143 -0.0002 0.0490 0.0311 -0.0015;19797.0 1026.0 109635 0.0317 0.0544 0.0201 0.0291 0.0118;1433.0 16.0 109648 0.0082 0.0453 -0.0006 0.0092 0.0124;17310.0 1396.0 109652 0.0054 0.0799 0.0211 0.0505 -0.0016;7102.0 316.0 109656 -0.0087 0.0686 -0.0153 0.0825 0.0112;2396.0 22.0 109660 0.0132 -0.0246 0.0210 0.0860 -0.0013;7910.0 613.0 109661 -0.0019 0.0508 0.0356 0.0748 0.0047;8936.0 488.0 109662 -0.0168 -0.0160 0.0474 0.0766 0.0233;9908.0 654.0 109663 0.0448 -0.0258 -0.0092 0.0734 0.0256;2015.0 30.0 109665 -0.0004 0.0316 0.0001 -0.0035 -0.0000;3708.0 186.0 109666 -0.0279 0.0999 0.0318 -0.0062 -0.0012;2212.0 43.0 109667 -0.0105 -0.0077 0.0153 0.0642 -0.0003;4780.0 209.0 109668 0.0444 0.0436 -0.0271 0.0747 -0.0045;10008.0 823.0 109670 -0.0523 0.0914 0.0426 0.1741 0.0306;2625.0 112.0 109671 0.0175 0.0322 0.0326 0.0940 -0.0038;6621.0 428.0 109674 0.0196 0.0784 0.0142 0.0774 -0.0043;8967.0 860.0 109676 0.0461 0.0525 0.1012 0.0447 -0.0108;763.0 8.0 109678 -0.0248 -0.0041 0.0137 0.0669 -0.0001;1510.0 53.0 109679 0.0415 0.0286 0.0585 -0.0068 -0.0051;1252.0 34.0 109680 0.0079 0.0414 -0.0090 0.0674 -0.0013;968.0 22.0 109681 -0.0235 0.0362 0.0376 0.0242 -0.0004;2022.0 94.0 109682 0.0249 0.0499 0.0721 0.0490 0.0161;491.0 17.0 109683 0.0424 0.0031 0.0152 0.0731 -0.0041,109628.0 20000;109635.0 20000;109648.0 20000;109652.0 20000;109656.0 20000;109660.0 20000;109661.0 20000;109662.0 20000;109663.0 20000;109665.0 20000;109666.0 20000;109667.0 20000;109668.0 20000;109670.0 20000;109671.0 20000;109674.0 20000;109676.0 20000;109678.0 20000;109679.0 20000;109680.0 20000;109681.0 20000;109682.0 20000;109683.0 20000,109628 848;109635 864;109648 896;109652 894;109656 892;109660 889;109661 846;109662 887;109663 885;109665 876;109666 875;109667 861;109668 882;109670 876;109671 846;109674 833;109676 886;109678 872;109679 914;109680 838;109681 885;109682 813;109683 842
data,1241669700,889198.0;48291.0;928988.0;34548.0;934078.0;50898.0,7512.0 153.0 109628 0.0136 0.0000 0.0490 0.0306 -0.0013;19812.0 1026.0 109635 0.0284 0.0521 0.0203 0.0307 0.0110;1445.0 16.0 109648 0.0074 0.0442 -0.0005 0.0097 0.0114;17322.0 1396.0 109652 0.0033 0.0797 0.0213 0.0506 -0.0015;7116.0 316.0 109656 -0.0100 0.0688 -0.0148 0.0807 0.0102;2412.0 22.0 109660 0.0114 -0.0237 0.0216 0.0842 -0.0013;7972.0 616.0 109661 0.0147 0.0477 0.0330 0.0744 0.0040;8963.0 489.0 109662 -0.0204 0.0248 0.0489 0.0715 0.0215;9940.0 655.0 109663 0.0425 -0.0272 -0.0087 0.0764 0.0231;2024.0 30.0 109665 -0.0005 0.0316 0.0001 -0.0034 0.0000;3718.0 186.0 109666 -0.0275 0.0985 0.0318 -0.0058 -0.0011;2225.0 43.0 109667 -0.0102 -0.0074 0.0155 0.0626 -0.0003;4801.0 209.0 109668 0.0401 0.0427 -0.0257 0.0749 -0.0042;10173.0 847.0 109670 -0.0641 0.1064 0.0432 0.1793 0.0272;2670.0 113.0 109671 0.0148 0.0310 0.0328 0.0929 -0.0038;6637.0 428.0 109674 0.0174 0.0770 0.0148 0.0773 -0.0046;9249.0 884.0 109676 0.0267 0.0707 0.0983 0.0798 -0.0131;777.0 8.0 109678 -0.0245 -0.0039 0.0139 0.0652 -0.0001;1532.0 53.0 109679 0.0398 0.0197 0.0584 -0.0054 -0.0046;1268.0 34.0 109680 0.0060 0.0407 -0.0084 0.0657 -0.0012;978.0 22.0 109681 -0.0226 0.0351 0.0375 0.0241 -0.0004;2036.0 94.0 109682 0.0231 0.0491 0.0720 0.0500 0.0146;522.0 18.0 109683 0.0375 0.0018 0.0153 0.0782 -0.0041,109628.0 20000;109635.0 20000;109648.0 20000;109652.0 20000;109656.0 20000;109660.0 20000;109661.0 20000;109662.0 20000;109663.0 20000;109665.0 20000;109666.0 20000;109667.0 20000;109668.0 20000;109670.0 20000;109671.0 20000;109674.0 20000;109676.0 20000;109678.0 20000;109679.0 20000;109680.0 20000;109681.0 20000;109682.0 20000;109683.0 20000,109628 852;109635 876;109648 833;109652 887;109656 856;109660 833;109661 946;109662 872;109663 862;109665 833;109666 855;109667 816;109668 888;109670 921;109671 850;109674 895;109676 913;109678 902;109679 858;109680 824;109681 878;109682 868;109683 882
data,1241670300,890036.0;48335.0;929828.0;34578.0;934934.0;50941.0,7529.0 153.0 109628 0.0119 0.0002 0.0492 0.0303 -0.0012;19836.0 1027.0 109635 0.0249 0.0502 0.0189 0.0462 0.0096;1458.0 16.0 109648 0.0070 0.0429 -0.0005 0.0098 0.0104;17351.0 1397.0 109652 0.0097 0.0784 0.0207 0.0485 -0.0015;7132.0 316.0 109656 -0.0099 0.0673 -0.0142 0.0779 0.0093;2431.0 22.0 109660 0.0098 -0.0224 0.0224 0.0812 -0.0013;7989.0 616.0 109661 0.0134 0.0471 0.0335 0.0731 0.0035;8978.0 489.0 109662 -0.0211 0.0240 0.0489 0.0717 0.0198;9963.0 655.0 109663 0.0394 -0.0257 -0.0076 0.0749 0.0211;2034.0 30.0 109665 -0.0005 0.0305 0.0001 -0.0033 0.0000;3733.0 186.0 109666 -0.0269 0.0956 0.0317 -0.0048 -0.0010;2239.0 43.0 109667 -0.0100 -0.0069 0.0158 0.0611 -0.0003;4820.0 209.0 109668 0.0376 0.0426 -0.0246 0.0741 -0.0040;10350.0 864.0 109670 -0.0471 0.1144 0.0431 0.1681 0.0282;2734.0 117.0 109671 0.0263 0.0290 0.0321 0.0925 -0.0036;6654.0 428.0 109674 0.0152 0.0748 0.0152 0.0776 -0.0044;9499.0 905.0 109676 0.0249 0.0725 0.1009 0.0796 -0.0163;792.0 8.0 109678 -0.0238 -0.0037 0.0140 0.0638 -0.0001;1547.0 53.0 109679 0.0370 0.0198 0.0589 -0.0044 -0.0042;1283.0 34.0 109680 0.0048 0.0398 -0.0080 0.0647 -0.0011;990.0 22.0 109681 -0.0215 0.0351 0.0375 0.0231 -0.0004;2060.0 94.0 109682 0.0201 0.0475 0.0722 0.0505 0.0128;540.0 18.0 109683 0.0348 0.0031 0.0159 0.0766 -0.0038,109628.0 20000;109635.0 20000;109648.0 20000;109652.0 20000;109656.0 20000;109660.0 20000;109661.0 20000;109662.0 20000;109663.0 20000;109665.0 20000;109666.0 20000;109667.0 20000;109668.0 20000;109670.0 20000;109671.0 20000;109674.0 20000;109676.0 20000;109678.0 20000;109679.0 20000;109680.0 20000;109681.0 20000;109682.0 20000;109683.0 20000,109628 844;109635 881;109648 899;109652 825;109656 867;109660 848;109661 889;109662 922;109663 883;109665 892;109666 826;109667 831;109668 890;109670 874;109671 844;109674 834;109676 831;109678 861;109679 848;109680 870;109681 972;109682 835;109683 934
data,1241670600,890934.0;48399.0;930717.0;34610.0;935814.0;51004.0,7544.0 153.0 109628 0.0113 0.0006 0.0494 0.0282 -0.0011;19859.0 1027.0 109635 0.0234 0.0502 0.0197 0.0410 0.0089;1472.0 16.0 109648 0.0065 0.0430 -0.0004 0.0092 0.0095;17367.0 1397.0 109652 0.0085 0.0772 0.0210 0.0476 -0.0013;7150.0 316.0 109656 -0.0114 0.0661 -0.0139 0.0769 0.0086;2447.0 22.0 109660 0.0091 -0.0215 0.0231 0.0786 -0.0012;8024.0 617.0 109661 0.0182 0.0468 0.0332 0.0689 0.0032;8996.0 489.0 109662 -0.0208 0.0244 0.0487 0.0696 0.0182;9983.0 655.0 109663 0.0387 -0.0244 -0.0068 0.0719 0.0194;2048.0 30.0 109665 -0.0006 0.0297 0.0001 -0.0031 -0.0000;3787.0 189.0 109666 -0.0433 0.0915 0.0288 0.0583 -0.0008;2254.0 43.0 109667 -0.0092 -0.0066 0.0159 0.0583 -0.0003;4838.0 209.0 109668 0.0360 0.0431 -0.0235 0.0721 -0.0038;10512.0 886.0 109670 -0.0630 0.1322 0.0408 0.1733 0.0260;2804.0 120.0 109671 0.0315 0.0271 0.0321 0.0889 -0.0041;6674.0 428.0 109674 0.0131 0.0756 0.0163 0.0750 -0.0040;9736.0 937.0 109676 0.0116 0.0746 0.1183 0.0948 -0.0163;805.0 8.0 109678 -0.0229 -0.0034 0.0141 0.0611 -0.0001;1567.0 53.0 109679 0.0352 0.0191 0.0587 -0.0047 -0.0038;1317.0 36.0 109680 -0.0017 0.0642 -0.0064 0.0629 -0.0012;1004.0 22.0 109681 -0.0205 0.0342 0.0375 0.0223 -0.0003;2092.0 95.0 109682 0.0228 0.0460 0.0731 0.0465 0.0113;560.0 18.0 109683 0.0331 0.0039 0.0166 0.0743 -0.0036,109628.0 20000;109635.0 20000;109648.0 20000;109652.0 20000;109656.0 20000;109660.0 20000;109661.0 20000;109662.0 20000;109663.0 20000;109665.0 20000;109666.0 20000;109667.0 20000;109668.0 20000;109670.0 20000;109671.0 20000;109674.0 20000;109676.0 20000;109678.0 20000;109679.0 20000;109680.0 20000;109681.0 20000;109682.0 20000;109683.0 20000,109628 787;109635 882;109648 890;109652 903;109656 872;109660 832;109661 911;109662 824;109663 857;109665 861;109666 824;109667 913;109668 887;109670 892;109671 856;109674 872;109676 877;109678 879;109679 923;109680 894;109681 868;109682 836;109683 860
data,1241670900,891810.0;48449.0;931553.0;34640.0;936691.0;51056.0,7554.0 153.0 109628 0.0112 0.0005 0.0488 0.0285 -0.0011;19886.0 1028.0 109635 0.0231 0.0493 0.0198 0.0409 0.0149;1483.0 16.0 109648 0.0065 0.0409 -0.0004 0.0096 0.0089;17382.0 1397.0 109652 0.0080 0.0746 0.0207 0.0476 -0.0012;7163.0 316.0 109656 -0.0108 0.0636 -0.0138 0.0760 0.0080;2457.0 22.0 109660 0.0088 -0.0210 0.0231 0.0785 -0.0012;8048.0 618.0 109661 0.0168 0.0540 0.0334 0.0680 0.0029;9010.0 489.0 109662 -0.0203 0.0238 0.0483 0.0688 0.0170;9996.0 655.0 109663 0.0386 -0.0243 -0.0065 0.0711 0.0182;2058.0 30.0 109665 -0.0007 0.0290 0.0001 -0.0030 0.0000;3794.0 189.0 109666 -0.0431 0.0916 0.0289 0.0573 -0.0008;2310.0 46.0 109667 0.0204 -0.0075 0.0123 0.0578 -0.0003;4851.0 209.0 109668 0.0358 0.0419 -0.0229 0.0713 -0.0037;10694.0 904.0 109670 -0.0615 0.1335 0.0435 0.1680 0.0258;2823.0 120.0 109671 0.0299 0.0251 0.0325 0.0882 -0.0043;6695.0 429.0 109674 0.0109 0.0803 0.0169 0.0738 -0.0039;9989.0 955.0 109676 0.0103 0.0686 0.1089 0.1036 -0.0101;816.0 8.0 109678 -0.0224 -0.0031 0.0141 0.0597 -0.0001;1579.0 53.0 109679 0.0348 0.0191 0.0578 -0.0042 -0.0036;1329.0 36.0 109680 -0.0021 0.0618 -0.0064 0.0632 -0.0011;1013.0 22.0 109681 -0.0202 0.0331 0.0370 0.0225 -0.0003;2113.0 96.0 109682 0.0275 0.0442 0.0723 0.0447 0.0103;673.0 25.0 109683 0.0498 -0.0020 0.0144 0.0728 -0.0042,109628.0 20000;109635.0 20000;109648.0 20000;109652.0 20000;109656.0 20000;109660.0 20000;109661.0 20000;109662.0 20000;109663.0 20000;109665.0 20000;109666.0 20000;109667.0 20000;109668.0 20000;109670.0 20000;109671.0 20000;109674.0 20000;109676.0 20000;109678.0 20000;109679.0 20000;109680.0 20000;109681.0 20000;109682.0 20000;109683.0 20000,109628 872;109635 867;109648 785;109652 858;109656 897;109660 851;109661 872;109662 827;109663 880;109665 889;109666 892;109667 878;109668 899;109670 868;109671 893;109674 872;109676 872;109678 843;109679 888;109680 862;109681 902;109682 859;109683 874
data,1241671500,892744.0;48505.0;932396.0;34666.0;937556.0;51102.0,7568.0 153.0 109628 0.0108 0.0005 0.0469 0.0288 -0.0010;19919.0 1029.0 109635 0.0224 0.0475 0.0187 0.0411 0.0192;1494.0 16.0 109648 0.0061 0.0409 -0.0004 0.0095 0.0084;17394.0 1397.0 109652 0.0074 0.0732 0.0201 0.0477 -0.0011;7173.0 316.0 109656 -0.0105 0.0627 -0.0133 0.0747 0.0076;2470.0 22.0 109660 0.0078 -0.0204 0.0221 0.0788 -0.0012;8058.0 618.0 109661 0.0166 0.0524 0.0331 0.0683 0.0027;9026.0 489.0 109662 -0.0203 0.0222 0.0464 0.0696 0.0162;10011.0 655.0 109663 0.0366 -0.0237 -0.0060 0.0716 0.0173;2069.0 30.0 109665 -0.0008 0.0281 0.0001 -0.0028 0.0000;3808.0 190.0 109666 -0.0449 0.0958 0.0286 0.0571 -0.0008;2324.0 46.0 109667 0.0182 -0.0075 0.0125 0.0578 -0.0003;4952.0 218.0 109668 0.0500 0.0306 -0.0312 0.0881 -0.0046;10816.0 919.0 109670 -0.0601 0.1371 0.0416 0.1690 0.0211;2858.0 121.0 109671 0.0291 0.0240 0.0313 0.0882 0.0048;6708.0 429.0 109674 0.0105 0.0778 0.0160 0.0747 -0.0039;10257.0 973.0 109676 0.0097 0.0689 0.1084 0.0964 0.0128;826.0 8.0 109678 -0.0222 -0.0030 0.0133 0.0598 -0.0001;1613.0 55.0 109679 0.0306 0.0198 0.0632 -0.0054 -0.0035;1338.0 36.0 109680 -0.0014 0.0606 -0.0060 0.0620 -0.0010;1129.0 30.0 109681 -0.0068 0.0279 0.0300 0.0832 -0.0009;2143.0 96.0 109682 0.0235 0.0436 0.0705 0.0462 0.0099;696.0 26.0 109683 0.0512 0.0084 0.0129 0.0703 -0.0043,109628.0 20000;109635.0 20000;109648.0 20000;109652.0 20000;109656.0 20000;109660.0 20000;109661.0 20000;109662.0 20000;109663.0 20000;109665.0 20000;109666.0 20000;109667.0 20000;109668.0 20000;109670.0 20000;109671.0 20000;109674.0 20000;109676.0 20000;109678.0 20000;109679.0 20000;109680.0 20000;109681.0 20000;109682.0 20000;109683.0 20000,109628 924;109635 840;109648 889;109652 794;109656 851;109660 833;109661 841;109662 901;109663 911;109665 911;109666 883;109667 887;109668 869;109670 879;109671 867;109674 887;109676 865;109678 864;109679 831;109680 867;109681 853;109682 844;109683 909
data,1241672100,893622.0;48547.0;933249.0;34693.0;938407.0;51145.0,7583.0 153.0 109628 0.0100 0.0007 0.0465 0.0287 -0.0009;19938.0 1029.0 109635 0.0208 0.0468 0.0185 0.0415 0.0179;1525.0 17.0 109648 0.0049 0.0394 0.0166 0.0074 0.0078;17411.0 1397.0 109652 0.0068 0.0720 0.0195 0.0470 -0.0011;7188.0 316.0 109656 -0.0105 0.0618 -0.0128 0.0737 0.0071;2485.0 22.0 109660 0.0073 -0.0194 0.0220 0.0777 -0.0013;8094.0 619.0 109661 0.0159 0.0518 0.0329 0.0669 0.0094;9049.0 490.0 109662 -0.0225 0.0214 0.0456 0.0744 0.0150;10041.0 656.0 109663 0.0356 -0.0225 0.0078 0.0685 0.0161;2083.0 30.0 109665 -0.0008 0.0273 0.0001 -0.0027 -0.0000;3829.0 191.0 109666 -0.0463 0.0996 0.0280 0.0554 -0.0010;2341.0 46.0 109667 0.0172 -0.0072 0.0123 0.0571 -0.0003;4998.0 218.0 109668 0.0417 0.0340 -0.0286 0.0857 -0.0047;11021.0 937.0 109670 -0.0520 0.1274 0.0468 0.1667 0.0192;2880.0 121.0 109671 0.0280 0.0238 0.0312 0.0866 0.0042;6726.0 429.0 109674 0.0100 0.0766 0.0161 0.0735 -0.0036;10430.0 987.0 109676 0.0131 0.0748 0.1073 0.0959 0.0089;838.0 8.0 109678 -0.0220 -0.0030 0.0132 0.0597 -0.0001;1633.0 55.0 109679 0.0294 0.0190 0.0623 -0.0049 -0.0033;1353.0 36.0 109680 -0.0017 0.0595 -0.0057 0.0611 -0.0009;1146.0 30.0 109681 -0.0072 0.0274 0.0301 0.0805 -0.0009;2181.0 98.0 109682 0.0259 0.0434 0.0723 0.0427 0.0086;755.0 29.0 109683 0.0495 0.0063 0.0128 0.0759 -0.0045,109628.0 20000;109635.0 20000;109648.0 20000;109652.0 20000;109656.0 20000;109660.0 20000;109661.0 20000;109662.0 20000;109663.0 20000;109665.0 20000;109666.0 20000;109667.0 20000;109668.0 20000;109670.0 20000;109671.0 20000;109674.0 20000;109676.0 20000;109678.0 20000;109679.0 20000;109680.0 20000;109681.0 20000;109682.0 20000;109683.0 20000,109628 843;109635 815;109648 852;109652 907;109656 794;109660 854;109661 880;109662 884;109663 893;109665 843;109666 879;109667 843;109668 860;109670 904;109671 885;109674 883;109676 897;109678 827;109679 907;109680 877;109681 936;109682 895;109683 842
data,1241672400,894531.0;48597.0;934126.0;34728.0;939296.0;51186.0,7599.0 153.0 109628 0.0095 0.0008 0.0461 0.0278 -0.0008;20031.0 1034.0 109635 0.0142 0.0444 0.0174 0.0612 0.0264;1539.0 17.0 109648 0.0047 0.0385 0.0161 0.0077 0.0073;17425.0 1397.0 109652 0.0065 0.0709 0.0193 0.0467 -0.0010;7205.0 316.0 109656 -0.0110 0.0608 -0.0124 0.0727 0.0066;2501.0 22.0 109660 0.0068 -0.0190 0.0217 0.0767 -0.0012;8114.0 619.0 109661 0.0147 0.0509 0.0324 0.0667 0.0087;9067.0 490.0 109662 -0.0228 0.0209 0.0453 0.0736 0.0141;10108.0 660.0 109663 0.0223 -0.0289 -0.0002 0.0963 0.0149;2097.0 30.0 109665 -0.0008 0.0265 0.0001 -0.0025 -0.0000;3842.0 191.0 109666 -0.0451 0.0964 0.0280 0.0547 -0.0010;2354.0 46.0 109667 0.0166 -0.0069 0.0122 0.0564 -0.0003;5015.0 218.0 109668 0.0399 0.0336 -0.0280 0.0857 -0.0047;11212.0 959.0 109670 -0.0439 0.1373 0.0444 0.1628 0.0182;2932.0 123.0 109671 0.0314 0.0231 0.0300 0.0850 0.0035;6773.0 431.0 109674 0.0177 0.0756 0.0146 0.0702 -0.0041;10599.0 1001.0 109676 0.0073 0.0772 0.1104 0.0936 0.0059;852.0 8.0 109678 -0.0209 -0.0028 0.0130 0.0585 -0.0001;1648.0 55.0 109679 0.0278 0.0193 0.0616 -0.0039 -0.0031;1366.0 36.0 109680 -0.0024 0.0584 -0.0055 0.0614 -0.0009;1160.0 30.0 109681 -0.0082 0.0275 0.0301 0.0792 -0.0009;2220.0 99.0 109682 0.0217 0.0426 0.0728 0.0441 0.0079;778.0 29.0 109683 0.0479 0.0055 0.0129 0.0749 -0.0046,109628.0 20000;109635.0 20000;109648.0 20000;109652.0 20000;109656.0 20000;109660.0 20000;109661.0 20000;109662.0 20000;109663.0 20000;109665.0 20000;109666.0 20000;109667.0 20000;109668.0 20000;109670.0 20000;109671.0 20000;109674.0 20000;109676.0 20000;109678.0 20000;109679.0 20000;109680.0 20000;109681.0 20000;109682.0 20000;109683.0 20000,109628 862;109635 883;109648 827;109652 911;109656 911;109660 880;109661 902;109662 909;109663 879;109665 870;109666 845;109667 853;109668 868;109670 873;109671 845;109674 870;109676 879;109678 929;109679 819;109680 851;109681 832;109682 839;109683 863
data,1241673000,895404.0;48644.0;935012.0;34754.0;940113.0;51219.0,7608.0 153.0 109628 0.0095 0.0007 0.0452 0.0282 -0.0008;20130.0 1040.0 109635 0.0134 0.0442 0.0163 0.0614 0.0378;1547.0 17.0 109648 0.0046 0.0376 0.0161 0.0079 0.0070;17464.0 1399.0 109652 0.0154 0.0683 0.0275 0.0418 -0.0011;7215.0 316.0 109656 -0.0108 0.0586 -0.0123 0.0730 0.0064;2509.0 22.0 109660 0.0066 -0.0186 0.0214 0.0769 -0.0011;8124.0 619.0 109661 0.0146 0.0499 0.0316 0.0671 0.0084;9124.0 493.0 109662 -0.0004 0.0190 0.0437 0.0736 0.0133;10155.0 663.0 109663 0.0188 -0.0299 -0.0016 0.1025 0.0178;2103.0 30.0 109665 -0.0007 0.0258 0.0001 -0.0025 -0.0000;3854.0 191.0 109666 -0.0437 0.0934 0.0272 0.0542 -0.0009;2363.0 46.0 109667 0.0163 -0.0067 0.0121 0.0566 -0.0003;5026.0 218.0 109668 0.0395 0.0325 -0.0278 0.0858 -0.0047;11343.0 968.0 109670 -0.0546 0.1318 0.0460 0.1646 0.0191;2945.0 123.0 109671 0.0312 0.0228 0.0288 0.0849 0.0033;6784.0 431.0 109674 0.0172 0.0737 0.0144 0.0708 -0.0040;10737.0 1008.0 109676 0.0055 0.0751 0.1062 0.0966 0.0080;860.0 8.0 109678 -0.0208 -0.0027 0.0128 0.0585 -0.0001;1662.0 55.0 109679 0.0273 0.0182 0.0607 -0.0032 -0.0029;1378.0 36.0 109680 -0.0020 0.0564 -0.0053 0.0605 -0.0008;1247.0 39.0 109681 0.0009 0.0273 0.0254 0.1094 -0.0014;2291.0 103.0 109682 0.0179 0.0421 0.0764 0.0437 0.0162;841.0 33.0 109683 0.0513 0.0022 0.0100 0.0799 -0.0047,109628.0 20000;109635.0 20000;109648.0 20000;109652.0 20000;109656.0 20000;109660.0 20000;109661.0 20000;109662.0 20000;109663.0 20000;109665.0 20000;109666.0 20000;109667.0 20000;109668.0 20000;109670.0 20000;109671.0 20000;109674.0 20000;109676.0 20000;109678.0 20000;109679.0 20000;109680.0 20000;109681.0 20000;109682.0 20000;109683.0 20000,109628 890;109635 861;109648 879;109652 896;109656 828;109660 853;109661 842;109662 936;109663 870;109665 910;109666 845;109667 837;109668 831;109670 870;109671 882;109674 857;109676 848;109678 884;109679 834;109680 878;109681 890;109682 880;109683 899
data,1241673300,896294.0;48681.0;935875.0;34777.0;940969.0;51251.0,7626.0 155.0 109628 0.0041 0.0021 0.0606 0.0248 -0.0008;20233.0 1044.0 109635 0.0277 0.0410 0.0146 0.0595 0.0346;1561.0 17.0 109648 0.0047 0.0367 0.0153 0.0079 0.0066;17478.0 1399.0 109652 0.0154 0.0663 0.0263 0.0426 -0.0010;7232.0 316.0 109656 -0.0099 0.0570 -0.0116 0.0709 0.0060;2547.0 23.0 109660 0.0072 -0.0174 0.0208 0.0747 0.0059;8160.0 620.0 109661 0.0194 0.0474 0.0315 0.0644 0.0078;9143.0 493.0 109662 -0.0007 0.0186 0.0426 0.0731 0.0126;10169.0 663.0 109663 0.0196 -0.0293 -0.0012 0.1003 0.0167;2118.0 30.0 109665 -0.0007 0.0250 0.0001 -0.0024 -0.0000;3873.0 191.0 109666 -0.0430 0.0904 0.0265 0.0535 -0.0009;2379.0 46.0 109667 0.0165 -0.0065 0.0117 0.0547 -0.0002;5042.0 218.0 109668 0.0401 0.0311 -0.0270 0.0840 -0.0047;11518.0 985.0 109670 -0.0588 0.1277 0.0428 0.1675 0.0160;2977.0 124.0 109671 0.0309 0.0207 0.0334 0.0834 0.0029;6802.0 431.0 109674 0.0175 0.0714 0.0140 0.0698 -0.0037;10872.0 1015.0 109676 0.0049 0.0719 0.1053 0.0950 0.0115;875.0 8.0 109678 -0.0198 -0.0025 0.0123 0.0564 -0.0001;1689.0 56.0 109679 0.0258 0.0173 0.0587 0.0124 -0.0028;1391.0 36.0 109680 -0.0013 0.0545 -0.0050 0.0596 -0.0008;1295.0 39.0 109681 -0.0018 0.0263 0.0264 0.0995 -0.0015;2317.0 103.0 109682 0.0191 0.0404 0.0729 0.0439 0.0156;903.0 36.0 109683 0.0505 -0.0002 0.0108 0.0819 -0.0047,109628.0 20000;109635.0 20000;109648.0 20000;109652.0 20000;109656.0 20000;109660.0 20000;109661.0 20000;109662.0 20000;109663.0 20000;109665.0 20000;109666.0 20000;109667.0 20000;109668.0 20000;109670.0 20000;109671.0 20000;109674.0 20000;109676.0 20000;109678.0 20000;109679.0 20000;109680.0 20000;109681.0 20000;109682.0 20000;109683.0 20000,109628 837;109635 852;109648 841;109652 849;109656 913;109660 868;109661 886;109662 836;109663 875;109665 919;109666 827;109667 895;109668 868;109670 897;109671 855;109674 881;109676 885;109678 877;109679 857;109680 863;109681 850;109682 897;109683 872
data,1241673900,897166.0;48736.0;936696.0;34799.0;941839.0;51304.0,7656.0 155.0 109628 0.0059 0.0014 0.0515 0.0273 -0.0007;20253.0 1044.0 109635 0.0261 0.0396 0.0148 0.0598 0.0336;1570.0 17.0 109648 0.0046 0.0359 0.0151 0.0081 0.0064;17493.0 1399.0 109652 0.0142 0.0644 0.0261 0.0435 -0.0009;7241.0 316.0 109656 -0.0099 0.0560 -0.0115 0.0711 0.0058;2559.0 23.0 109660 0.0063 -0.0169 0.0205 0.0749 0.0056;8172.0 620.0 109661 0.0187 0.0457 0.0309 0.0652 0.0076;9166.0 494.0 109662 0.0004 0.0319 0.0421 0.0718 0.0121;10273.0 669.0 109663 0.0234 -0.0315 -0.0022 0.1010 0.0281;2124.0 30.0 109665 -0.0006 0.0244 0.0001 -0.0023 -0.0000;3883.0 191.0 109666 -0.0425 0.0885 0.0260 0.0538 -0.0009;2389.0 46.0 109667 0.0160 -0.0064 0.0116 0.0549 -0.0002;5101.0 223.0 109668 0.0364 0.0414 -0.0302 0.0948 -0.0051;11675.0 1004.0 109670 -0.0656 0.1284 0.0460 0.1688 0.0159;2991.0 124.0 109671 0.0300 0.0204 0.0324 0.0841 0.0028;6813.0 431.0 109674 0.0172 0.0695 0.0138 0.0704 -0.0037;10992.0 1025.0 109676 0.0029 0.0720 0.1068 0.0926 0.0169;884.0 8.0 109678 -0.0193 -0.0025 0.0122 0.0563 -0.0001;1701.0 56.0 109679 0.0254 0.0165 0.0583 0.0122 -0.0027;1402.0 36.0 109680 -0.0018 0.0535 -0.0049 0.0598 -0.0007;1383.0 44.0 109681 0.0167 0.0235 0.0223 0.0981 0.0051;2332.0 103.0 109682 0.0185 0.0395 0.0721 0.0444 0.0151;1019.0 45.0 109683 0.0540 -0.0044 0.0134 0.0911 -0.0049,109628.0 20000;109635.0 20000;109648.0 20000;109652.0 20000;109656.0 20000;109660.0 20000;109661.0 20000;109662.0 20000;109663.0 20000;109665.0 20000;109666.0 20000;109667.0 20000;109668.0 20000;109670.0 20000;109671.0 20000;109674.0 20000;109676.0 20000;109678.0 20000;109679.0 20000;109680.0 20000;109681.0 20000;109682.0 20000;109683.0 20000,109628 841;109635 874;109648 849;109652 839;109656 908;109660 921;109661 898;109662 851;109663 904;109665 867;109666 905;109667 841;109668 858;109670 801;109671 851;109674 892;109676 875;109678 894;109679 901;109680 804;109681 862;109682 896;109683 868
data,1241674500,898019.0;48766.0;937617.0;34828.0;942737.0;51334.0,7671.0 155.0 109628 0.0057 0.0014 0.0507 0.0271 -0.0007;20293.0 1045.0 109635 0.0255 0.0393 0.0145 0.0588 0.0335;1585.0 17.0 109648 0.0046 0.0351 0.0147 0.0078 0.0061;17508.0 1399.0 109652 0.0140 0.0635 0.0255 0.0426 -0.0009;7257.0 316.0 109656 -0.0097 0.0544 -0.0109 0.0702 0.0055;2575.0 23.0 109660 0.0061 -0.0161 0.0202 0.0741 0.0053;8208.0 621.0 109661 0.0230 0.0440 0.0295 0.0632 0.0071;9205.0 495.0 109662 -0.0008 0.0304 0.0412 0.0722 0.0152;10351.0 672.0 109663 0.0213 -0.0304 -0.0014 0.0992 0.0313;2137.0 30.0 109665 -0.0006 0.0237 0.0001 -0.0022 -0.0000;3898.0 191.0 109666 -0.0418 0.0867 0.0253 0.0532 -0.0008;2403.0 46.0 109667 0.0157 -0.0063 0.0114 0.0541 -0.0002;5130.0 223.0 109668 0.0365 0.0420 -0.0279 0.0883 -0.0051;11844.0 1019.0 109670 -0.0589 0.1279 0.0477 0.1648 0.0129;3019.0 125.0 109671 0.0274 0.0197 0.0317 0.0866 0.0025;6833.0 431.0 109674 0.0167 0.0680 0.0138 0.0691 -0.0036;11093.0 1029.0 109676 0.0029 0.0699 0.1046 0.0936 0.0142;896.0 8.0 109678 -0.0186 -0.0024 0.0119 0.0551 -0.0001;1717.0 57.0 109679 0.0223 0.0170 0.0637 0.0105 -0.0026;1416.0 36.0 109680 -0.0015 0.0518 -0.0047 0.0591 -0.0007;1430.0 45.0 109681 0.0136 0.0234 0.0224 0.0977 0.0048;2357.0 103.0 109682 0.0172 0.0386 0.0710 0.0453 0.0143;1099.0 47.0 109683 0.0526 -0.0033 0.0166 0.0845 -0.0051,109628.0 20000;109635.0 20000;109648.0 20000;109652.0 20000;109656.0 20000;109660.0 20000;109661.0 20000;109662.0 20000;109663.0 20000;109665.0 20000;109666.0 20000;109667.0 20000;109668.0 20000;109670.0 20000;109671.0 20000;109674.0 20000;109676.0 20000;109678.0 20000;109679.0 20000;109680.0 20000;109681.0 20000;109682.0 20000;109683.0 20000,109628 856;109635 887;109648 908;109652 814;109656 947;109660 890;109661 897;109662 871;109663 878;109665 849;109666 820;109667 864;109668 891;109670 893;109671 865;109674 840;109676 852;109678 816;109679 883;109680 840;109681 914;109682 880;109683 845
data,1241675100,898854.0;48790.0;938477.0;34857.0;943623.0;51384.0,7686.0 155.0 109628 0.0053 0.0015 0.0499 0.0269 -0.0007;20327.0 1045.0 109635 0.0239 0.0387 0.0140 0.0578 0.0320;1599.0 17.0 109648 0.0043 0.0343 0.0144 0.0081 0.0058;17527.0 1399.0 109652 0.0127 0.0625 0.0248 0.0431 -0.0009;7275.0 316.0 109656 -0.0103 0.0546 -0.0105 0.0691 0.0052;2595.0 23.0 109660 0.0059 -0.0152 0.0201 0.0721 0.0051;8231.0 621.0 109661 0.0216 0.0436 0.0290 0.0629 0.0067;9229.0 495.0 109662 -0.0013 0.0306 0.0404 0.0707 0.0145;10435.0 675.0 109663 0.0190 -0.0295 -0.0009 0.0978 0.0332;2151.0 30.0 109665 -0.0006 0.0232 0.0001 -0.0021 -0.0000;3914.0 191.0 109666 -0.0413 0.0859 0.0247 0.0523 -0.0008;2418.0 46.0 109667 0.0151 -0.0061 0.0112 0.0535 -0.0002;5159.0 223.0 109668 0.0341 0.0416 -0.0267 0.0875 -0.0049;12008.0 1030.0 109670 -0.0554 0.1251 0.0492 0.1614 0.0144;3068.0 127.0 109671 0.0242 0.0180 0.0307 0.0915 0.0021;6863.0 432.0 109674 0.0139 0.0728 0.0139 0.0682 -0.0037;11177.0 1030.0 109676 0.0013 0.0703 0.1024 0.0925 0.0125;925.0 9.0 109678 -0.0200 -0.0020 0.0223 0.0538 -0.0001;1742.0 57.0 109679 0.0231 0.0166 0.0587 0.0127 -0.0024;1431.0 36.0 109680 -0.0019 0.0519 -0.0044 0.0580 -0.0006;1473.0 47.0 109681 0.0090 0.0470 0.0226 0.0959 0.0044;2395.0 106.0 109682 0.0102 0.0352 0.0684 0.0730 0.0134;1132.0 47.0 109683 0.0502 -0.0029 0.0161 0.0835 -0.0051,109628.0 20000;109635.0 20000;109648.0 20000;109652.0 20000;109656.0 20000;109660.0 20000;109661.0 20000;109662.0 20000;109663.0 20000;109665.0 20000;109666.0 20000;109667.0 20000;109668.0 20000;109670.0 20000;109671.0 20000;109674.0 20000;109676.0 20000;109678.0 20000;109679.0 20000;109680.0 20000;109681.0 20000;109682.0 20000;109683.0 20000,109628 839;109635 827;109648 856;109652 883;109656 933;109660 903;109661 866;109662 861;109663 869;109665 847;109666 815;109667 819;109668 859;109670 923;109671 889;109674 914;109676 887;109678 882;109679 877;109680 860;109681 877;109682 856;109683 858
data,1241675700,899727.0;48836.0;939338.0;34881.0;944530.0;51418.0,7700.0 155.0 109628 0.0055 0.0014 0.0495 0.0263 -0.0006;20561.0 1060.0 109635 0.0448 0.0335 0.0154 0.0666 0.0332;1642.0 19.0 109648 0.0054 0.0332 0.0297 0.0084 0.0053;17540.0 1399.0 109652 0.0132 0.0617 0.0248 0.0424 -0.0008;7290.0 316.0 109656 -0.0096 0.0530 -0.0104 0.0682 0.0049;2608.0 23.0 109660 0.0059 -0.0148 0.0201 0.0721 0.0047;8248.0 621.0 109661 0.0217 0.0425 0.0289 0.0623 0.0063;9245.0 495.0 109662 -0.0008 0.0301 0.0405 0.0698 0.0136;10479.0 676.0 109663 0.0199 -0.0289 -0.0003 0.0950 0.0323;2165.0 30.0 109665 -0.0005 0.0226 0.0001 -0.0021 -0.0000;3930.0 191.0 109666 -0.0406 0.0842 0.0248 0.0515 -0.0007;2432.0 46.0 109667 0.0149 -0.0060 0.0113 0.0535 -0.0002;5171.0 223.0 109668 0.0339 0.0412 -0.0266 0.0876 -0.0047;12141.0 1046.0 109670 -0.0536 0.1287 0.0504 0.1613 0.0107;3108.0 128.0 109671 0.0251 0.0185 0.0309 0.0888 0.0065;6884.0 433.0 109674 0.0122 0.0710 0.0127 0.0742 -0.0037;11245.0 1036.0 109676 0.0010 0.0695 0.1034 0.0927 0.0108;938.0 9.0 109678 -0.0196 -0.0020 0.0221 0.0528 -0.0001;1767.0 58.0 109679 0.0231 0.0150 0.0582 0.0227 -0.0023;1461.0 38.0 109680 -0.0078 0.0749 -0.0028 0.0542 -0.0006;1493.0 47.0 109681 0.0092 0.0434 0.0228 0.0951 0.0040;2440.0 107.0 109682 0.0110 0.0358 0.0692 0.0661 0.0124;1145.0 47.0 109683 0.0501 -0.0031 0.0161 0.0835 -0.0050,109628.0 20000;109635.0 20000;109648.0 20000;109652.0 20000;109656.0 20000;109660.0 20000;109661.0 20000;109662.0 20000;109663.0 20000;109665.0 20000;109666.0 20000;109667.0 20000;109668.0 20000;109670.0 20000;109671.0 20000;109674.0 20000;109676.0 20000;109678.0 20000;109679.0 20000;109680.0 20000;109681.0 20000;109682.0 20000;109683.0 20000,109628 910;109635 867;109648 845;109652 891;109656 853;109660 873;109661 888;109662 870;109663 828;109665 804;109666 837;109667 899;109668 838;109670 883;109671 892;109674 859;109676 902;109678 881;109679 846;109680 872;109681 901;109682 923;109683 838
data,1241676000,900598.0;48881.0;940181.0;34908.0;945382.0;51458.0,7711.0 155.0 109628 0.0056 0.0014 0.0492 0.0259 -0.0006;20640.0 1061.0 109635 0.0408 0.0335 0.0163 0.0662 0.0308;1656.0 19.0 109648 0.0051 0.0325 0.0297 0.0083 0.0051;17556.0 1399.0 109652 0.0125 0.0601 0.0246 0.0425 -0.0008;7304.0 316.0 109656 -0.0093 0.0523 -0.0101 0.0674 0.0047;2619.0 23.0 109660 0.0061 -0.0143 0.0200 0.0713 0.0045;8264.0 621.0 109661 0.0213 0.0414 0.0286 0.0620 0.0060;9258.0 495.0 109662 -0.0011 0.0294 0.0402 0.0699 0.0131;10521.0 677.0 109663 0.0191 -0.0283 -0.0002 0.0948 0.0320;2175.0 30.0 109665 -0.0005 0.0220 0.0001 -0.0020 -0.0000;3943.0 191.0 109666 -0.0402 0.0826 0.0244 0.0518 -0.0007;2443.0 46.0 109667 0.0150 -0.0058 0.0112 0.0526 -0.0002;5188.0 223.0 109668 0.0337 0.0400 -0.0261 0.0868 -0.0046;12310.0 1061.0 109670 -0.0508 0.1278 0.0489 0.1600 0.0087;3125.0 128.0 109671 0.0249 0.0175 0.0306 0.0883 0.0061;6901.0 433.0 109674 0.0116 0.0695 0.0130 0.0735 -0.0035;11418.0 1056.0 109676 -0.0074 0.0672 0.1035 0.1118 0.0102;998.0 11.0 109678 -0.0191 -0.0019 0.0221 0.0522 0.0092;1798.0 59.0 109679 0.0262 0.0134 0.0582 0.0193 -0.0023;1482.0 38.0 109680 -0.0064 0.0642 -0.0032 0.0555 -0.0006;1510.0 48.0 109681 0.0138 0.0418 0.0223 0.0947 0.0036;2481.0 108.0 109682 0.0107 0.0349 0.0690 0.0646 0.0146;1203.0 50.0 109683 0.0515 -0.0053 0.0143 0.0852 -0.0052,109628.0 20000;109635.0 20000;109648.0 20000;109652.0 20000;109656.0 20000;109660.0 20000;109661.0 20000;109662.0 20000;109663.0 20000;109665.0 20000;109666.0 20000;109667.0 20000;109668.0 20000;109670.0 20000;109671.0 20000;109674.0 20000;109676.0 20000;109678.0 20000;109679.0 20000;109680.0 20000;109681.0 20000;109682.0 20000;109683.0 20000,109628 873;109635 826;109648 860;109652 824;109656 902;109660 838;109661 866;109662 913;109663 866;109665 874;109666 888;109667 870;109668 857;109670 928;109671 775;109674 869;109676 883;109678 895;109679 869;109680 888;109681 888;109682 821;109683 927
data,1241676600,901473.0;48929.0;941003.0;34927.0;946270.0;51504.0,7726.0 155.0 109628 0.0050 0.0014 0.0492 0.0261 -0.0006;20676.0 1061.0 109635 0.0401 0.0326 0.0165 0.0650 0.0293;1686.0 20.0 109648 0.0098 0.0309 0.0327 0.0073 0.0047;17572.0 1399.0 109652 0.0123 0.0592 0.0244 0.0423 -0.0007;7321.0 316.0 109656 -0.0095 0.0507 -0.0101 0.0678 0.0044;2653.0 24.0 109660 0.0126 -0.0135 0.0195 0.0687 0.0042;8295.0 622.0 109661 0.0243 0.0397 0.0278 0.0622 0.0057;9279.0 495.0 109662 -0.0015 0.0284 0.0403 0.0692 0.0124;10602.0 680.0 109663 0.0190 -0.0281 -0.0001 0.0943 0.0329;2189.0 30.0 109665 -0.0005 0.0215 0.0001 -0.0020 -0.0000;3960.0 191.0 109666 -0.0396 0.0811 0.0244 0.0509 -0.0006;2457.0 46.0 109667 0.0148 -0.0057 0.0111 0.0526 -0.0002;5204.0 223.0 109668 0.0330 0.0396 -0.0259 0.0868 -0.0045;12438.0 1075.0 109670 -0.0527 0.1245 0.0472 0.1634 0.0077;3143.0 128.0 109671 0.0246 0.0170 0.0308 0.0876 0.0057;6918.0 433.0 109674 0.0117 0.0680 0.0131 0.0729 -0.0034;11616.0 1080.0 109676 -0.0131 0.0738 0.1072 0.1176 0.0067;1011.0 11.0 109678 -0.0191 -0.0018 0.0221 0.0522 0.0087;1816.0 59.0 109679 0.0253 0.0131 0.0581 0.0198 -0.0023;1496.0 38.0 109680 -0.0068 0.0631 -0.0032 0.0558 -0.0006;1563.0 49.0 109681 0.0109 0.0409 0.0226 0.0942 0.0070;2499.0 108.0 109682 0.0103 0.0339 0.0690 0.0647 0.0138;1259.0 53.0 109683 0.0532 -0.0063 0.0171 0.0840 -0.0055,109628.0 20000;109635.0 20000;109648.0 20000;109652.0 20000;109656.0 20000;109660.0 20000;109661.0 20000;109662.0 20000;109663.0 20000;109665.0 20000;109666.0 20000;109667.0 20000;109668.0 20000;109670.0 20000;109671.0 20000;109674.0 20000;109676.0 20000;109678.0 20000;109679.0 20000;109680.0 20000;109681.0 20000;109682.0 20000;109683.0 20000,109628 877;109635 890;109648 845;109652 881;109656 857;109660 828;109661 897;109662 874;109663 902;109665 825;109666 845;109667 820;109668 875;109670 874;109671 874;109674 837;109676 872;109678 846;109679 891;109680 949;109681 842;109682 901;109683 898
data,1241677200,902357.0;48974.0;941871.0;34950.0;947133.0;51535.0,7738.0 155.0 109628 0.0049 0.0015 0.0492 0.0261 -0.0005;20728.0 1062.0 109635 0.0397 0.0319 0.0161 0.0647 0.0287;1702.0 20.0 109648 0.0093 0.0310 0.0324 0.0073 0.0045;17624.0 1405.0 109652 0.0011 0.0994 0.0259 0.0375 -0.0012;7333.0 316.0 109656 -0.0095 0.0507 -0.0101 0.0678 0.0042;2669.0 24.0 109660 0.0118 -0.0134 0.0196 0.0689 0.0040;8344.0 624.0 109661 0.0285 0.0396 0.0267 0.0617 0.0053;9296.0 495.0 109662 -0.0022 0.0284 0.0403 0.0693 0.0118;10634.0 680.0 109663 0.0181 -0.0277 -0.0001 0.0942 0.0315;2201.0 30.0 109665 -0.0005 0.0215 0.0001 -0.0020 -0.0000;3973.0 191.0 109666 -0.0394 0.0803 0.0244 0.0510 -0.0006;2471.0 46.0 109667 0.0142 -0.0056 0.0112 0.0528 -0.0002;5232.0 224.0 109668 0.0316 0.0409 -0.0082 0.0843 -0.0043;12600.0 1096.0 109670 -0.0536 0.1216 0.0459 0.1673 0.0074;3212.0 130.0 109671 0.0235 0.0174 0.0306 0.0874 0.0115;6934.0 433.0 109674 0.0107 0.0680 0.0133 0.0730 -0.0032;11781.0 1089.0 109676 -0.0098 0.0697 0.1059 0.1093 0.0118;1027.0 11.0 109678 -0.0190 -0.0018 0.0221 0.0522 0.0082;1838.0 60.0 109679 0.0275 0.0124 0.0591 0.0179 -0.0023;1509.0 38.0 109680 -0.0070 0.0631 -0.0031 0.0558 -0.0005;1582.0 49.0 109681 0.0101 0.0403 0.0228 0.0941 0.0065;2517.0 108.0 109682 0.0098 0.0341 0.0688 0.0646 0.0131;1318.0 55.0 109683 0.0489 -0.0075 0.0158 0.0901 -0.0058,109628.0 20000;109635.0 20000;109648.0 20000;109652.0 20000;109656.0 20000;109660.0 20000;109661.0 20000;109662.0 20000;109663.0 20000;109665.0 20000;109666.0 20000;109667.0 20000;109668.0 20000;109670.0 20000;109671.0 20000;109674.0 20000;109676.0 20000;109678.0 20000;109679.0 20000;109680.0 20000;109681.0 20000;109682.0 20000;109683.0 20000,109628 820;109635 899;109648 886;109652 826;109656 869;109660 843;109661 831;109662 938;109663 877;109665 885;109666 843;109667 814;109668 835;109670 967;109671 840;109674 894;109676 858;109678 901;109679 894;109680 898;109681 809;109682 859;109683 914
data,1241677800,903297.0;49017.0;942729.0;34975.0;948009.0;51571.0,7755.0 155.0 109628 0.0043 0.0015 0.0488 0.0264 -0.0005;20776.0 1063.0 109635 0.0392 0.0317 0.0161 0.0649 0.0282;1718.0 20.0 109648 0.0089 0.0310 0.0322 0.0075 0.0042;17686.0 1407.0 109652 0.0010 0.0890 0.0259 0.0368 -0.0016;7375.0 317.0 109656 -0.0099 0.0507 -0.0101 0.0677 0.0075;2721.0 26.0 109660 0.0186 -0.0143 0.0182 0.0697 0.0036;8365.0 624.0 109661 0.0275 0.0392 0.0263 0.0622 0.0050;9313.0 495.0 109662 -0.0025 0.0284 0.0404 0.0694 0.0112;10678.0 681.0 109663 0.0202 -0.0284 -0.0003 0.0943 0.0300;2214.0 30.0 109665 -0.0005 0.0215 0.0001 -0.0020 -0.0000;4005.0 192.0 109666 -0.0278 0.0805 0.0239 0.0502 -0.0006;2486.0 46.0 109667 0.0138 -0.0056 0.0111 0.0530 -0.0002;5256.0 224.0 109668 0.0312 0.0396 -0.0087 0.0844 -0.0042;12773.0 1117.0 109670 -0.0509 0.1260 0.0452 0.1652 0.0098;3232.0 130.0 109671 0.0231 0.0171 0.0302 0.0875 0.0108;6948.0 433.0 109674 0.0103 0.0680 0.0132 0.0730 -0.0031;11973.0 1101.0 109676 -0.0124 0.0702 0.1062 0.1087 0.0141;1043.0 11.0 109678 -0.0189 -0.0018 0.0218 0.0522 0.0078;1862.0 60.0 109679 0.0256 0.0129 0.0585 0.0187 -0.0022;1523.0 38.0 109680 -0.0072 0.0631 -0.0030 0.0559 -0.0005;1599.0 49.0 109681 0.0096 0.0401 0.0228 0.0940 0.0060;2550.0 109.0 109682 0.0076 0.0337 0.0686 0.0691 0.0124;1352.0 56.0 109683 0.0494 -0.0070 0.0160 0.0879 -0.0059,109628.0 20000;109635.0 20000;109648.0 20000;109652.0 20000;109656.0 20000;109660.0 20000;109661.0 20000;109662.0 20000;109663.0 20000;109665.0 20000;109666.0 20000;109667.0 20000;109668.0 20000;109670.0 20000;109671.0 20000;109674.0 20000;109676.0 20000;109678.0 20000;109679.0 20000;109680.0 20000;109681.0 20000;109682.0 20000;109683.0 20000,109628 890;109635 852;109648 856;109652 881;109656 845;109660 845;109661 898;109662 834;109663 863;109665 861;109666 855;109667 856;109668 854;109670 860;109671 823;109674 905;109676 891;109678 926;109679 914;109680 870;109681 894;109682 832;109683 895
data,1241678700,904233.0;49051.0;943617.0;34997.0;948950.0;51598.0,7773.0 155.0 109628 0.0039 0.0016 0.0481 0.0263 -0.0005;20870.0 1067.0 109635 0.0381 0.0384 0.0158 0.0646 0.0292;1735.0 20.0 109648 0.0081 0.0311 0.0318 0.0075 0.0040;17701.0 1408.0 109652 -0.0008 0.0942 0.0256 0.0358 -0.0016;7389.0 317.0 109656 -0.0100 0.0499 -0.0099 0.0679 0.0072;2734.0 26.0 109660 0.0182 -0.0143 0.0180 0.0698 0.0035;8381.0 624.0 109661 0.0265 0.0393 0.0260 0.0627 0.0048;9321.0 495.0 109662 -0.0025 0.0279 0.0396 0.0697 0.0110;10840.0 688.0 109663 0.0221 -0.0291 -0.0008 0.0942 0.0319;2218.0 30.0 109665 -0.0005 0.0215 0.0001 -0.0020 -0.0000;4021.0 192.0 109666 -0.0282 0.0797 0.0236 0.0503 -0.0006;2501.0 46.0 109667 0.0135 -0.0053 0.0111 0.0522 -0.0002;5275.0 224.0 109668 0.0299 0.0395 -0.0085 0.0846 -0.0041;12958.0 1129.0 109670 -0.0507 0.1246 0.0468 0.1628 0.0110;3239.0 130.0 109671 0.0227 0.0172 0.0303 0.0876 0.0106;6963.0 433.0 109674 0.0097 0.0674 0.0131 0.0732 -0.0029;12113.0 1109.0 109676 -0.0166 0.0729 0.1048 0.1123 0.0125;1058.0 11.0 109678 -0.0186 -0.0018 0.0215 0.0522 0.0075;1911.0 61.0 109679 0.0245 0.0129 0.0577 0.0188 0.0025;1535.0 38.0 109680 -0.0071 0.0623 -0.0030 0.0560 -0.0005;1643.0 50.0 109681 0.0087 0.0397 0.0221 0.0940 0.0088;2579.0 109.0 109682 0.0081 0.0335 0.0676 0.0666 0.0118;1381.0 56.0 109683 0.0485 -0.0059 0.0152 0.0864 -0.0059,109628.0 20000;109635.0 20000;109648.0 20000;109652.0 20000;109656.0 20000;109660.0 20000;109661.0 20000;109662.0 10250;109663.0 20000;109665.0 10250;109666.0 20000;109667.0 20000;109668.0 20000;109670.0 20000;109671.0 10250;109674.0 20000;109676.0 20000;109678.0 20000;109679.0 20000;109680.0 20000;109681.0 20000;109682.0 20000;109683.0 20000,109628 933;109635 992;109648 1000;109652 993;109656 991;109660 935;109661 1038;109662 218;109663 993;109665 196;109666 980;109667 1007;109668 940;109670 937;109671 207;109674 959;109676 961;109678 1012;109679 958;109680 958;109681 895;109682 922;109683 975
data,1241679300,905268.0;49096.0;944569.0;35014.0;949986.0;51629.0,1767.0 21.0 109648 0.0076 0.0301 0.0313 0.0222 0.0038;4039.0 192.0 109666 -0.0282 0.0797 0.0228 0.0504 -0.0005;20987.0 1070.0 109635 0.0369 0.0366 0.0152 0.0650 0.0293;5306.0 225.0 109668 0.0283 0.0460 -0.0082 0.0840 -0.0040;13154.0 1149.0 109670 -0.0492 0.1279 0.0482 0.1601 0.0150;2755.0 26.0 109660 0.0173 -0.0141 0.0176 0.0701 0.0033;7000.0 434.0 109674 0.0122 0.0669 0.0123 0.0725 -0.0028;12250.0 1117.0 109676 -0.0168 0.0725 0.1032 0.1128 0.0117;1081.0 11.0 109678 -0.0178 -0.0018 0.0207 0.0514 0.0070;1938.0 61.0 109679 0.0238 0.0130 0.0562 0.0196 0.0024;1555.0 38.0 109680 -0.0074 0.0624 -0.0028 0.0552 -0.0004;1721.0 55.0 109681 0.0142 0.0372 0.0205 0.0984 0.0080;2605.0 109.0 109682 0.0084 0.0333 0.0660 0.0671 0.0111;1417.0 57.0 109683 0.0487 -0.0063 0.0147 0.0860 -0.0060;17743.0 1410.0 109652 -0.0022 0.0948 0.0250 0.0360 -0.0017;7413.0 317.0 109656 -0.0101 0.0501 -0.0092 0.0668 0.0068;2519.0 46.0 109667 0.0131 -0.0053 0.0107 0.0524 -0.0001;7794.0 155.0 109628 0.0039 0.0016 0.0467 0.0263 -0.0005;8431.0 625.0 109661 0.0258 0.0391 0.0263 0.0616 0.0076;10921.0 690.0 109663 0.0222 -0.0287 -0.0012 0.0937 0.0315,109648.0 20000;109666.0 20000;109635.0 20000;109668.0 20000;109670.0 20000;109628.0 20000;109674.0 20000;109676.0 20000;109678.0 20000;109679.0 20000;109680.0 20000;109681.0 20000;109682.0 20000;109683.0 20000;109652.0 20000;109656.0 20000;109667.0 20000;109660.0 20000;109661.0 20000;109663.0 20000,109648 985;109666 964;109635 987;109668 962;109670 1083;109660 1027;109674 976;109676 1024;109678 995;109679 1010;109680 976;109681 961;109682 1007;109683 940;109652 988;109656 1002;109667 1090;109628 996;109661 977;109663 1050
data,1241679300,905457.0;49100.0;944763.0;35020.0;950170.0;51639.0,1773.0 21.0 109648 0.0076 0.0302 0.0313 0.0215 0.0037;4044.0 192.0 109666 -0.0280 0.0798 0.0228 0.0495 -0.0005;20996.0 1070.0 109635 0.0369 0.0366 0.0153 0.0647 0.0289;5310.0 225.0 109668 0.0283 0.0460 -0.0083 0.0840 -0.0040;13193.0 1152.0 109670 -0.0480 0.1262 0.0483 0.1612 0.0133;2773.0 27.0 109660 0.0165 0.0084 0.0180 0.0683 0.0032;7007.0 434.0 109674 0.0121 0.0670 0.0125 0.0718 -0.0028;12268.0 1117.0 109676 -0.0166 0.0726 0.1027 0.1123 0.0114;1086.0 11.0 109678 -0.0178 -0.0018 0.0207 0.0514 0.0069;1942.0 61.0 109679 0.0240 0.0130 0.0559 0.0197 0.0023;1560.0 38.0 109680 -0.0074 0.0624 -0.0028 0.0552 -0.0004;1739.0 55.0 109681 0.0120 0.0375 0.0205 0.0983 0.0079;2612.0 109.0 109682 0.0079 0.0335 0.0660 0.0671 0.0109;2525.0 46.0 109667 0.0130 -0.0053 0.0105 0.0525 -0.0001;17747.0 1410.0 109652 -0.0022 0.0948 0.0250 0.0360 -0.0017;7417.0 317.0 109656 -0.0101 0.0501 -0.0092 0.0668 0.0067;1426.0 57.0 109683 0.0481 -0.0061 0.0148 0.0861 -0.0060;7799.0 155.0 109628 0.0038 0.0016 0.0467 0.0264 -0.0005;8437.0 625.0 109661 0.0255 0.0391 0.0261 0.0618 0.0075;10931.0 690.0 109663 0.0220 -0.0286 -0.0011 0.0937 0.0311,109648.0 3718;109666.0 3718;109635.0 3718;109668.0 3718;109670.0 3718;109628.0 3718;109674.0 3718;109676.0 3718;109678.0 3718;109679.0 3718;109680.0 3718;109681.0 3718;109682.0 3718;109683.0 3718;109652.0 3718;109656.0 3718;109667.0 3718;109660.0 3718;109661.0 3718;109663.0 3718,109648 199;109666 168;109635 162;109668 204;109670 173;109660 191;109674 190;109676 196;109678 188;109679 192;109680 167;109681 193;109682 194;109667 173;109652 186;109656 179;109683 204;109628 196;109661 189;109663 174
