data,1241852100,1342299.0;71765.0;1410437.0;50947.0;1421517.0;75693.0,,,
data,1241853000,1342894.0;71777.0;1411369.0;50969.0;1422393.0;75721.0,0.641947329707|0.871626250465|1.00140735542|1.06072020737|1.09004829047 7682.0 128.0 109697 0.0000|0.0000|0.0000|0.0000|0.0000;0.484566419764|0.756416787585|0.914152432312|0.883070334165|0.901144130207 6564.0 321.0 109711 0.1094|-0.0326|0.0040|0.0598|0.0424;0.640611987476|0.826300546089|0.974523788813|0.992389133067|1.02400577763 691.0 8.0 109714 0.0000|0.0000|0.0000|0.0000|0.0000;0.579460792307|0.805298797095|0.938327521875|0.93863533619|0.974234432593 6703.0 240.0 109720 0.0000|0.0000|0.0000|0.0000|0.0000;0.527162479642|0.784874967698|0.954994534633|0.84037007663|0.882178858126 20141.0 1416.0 109721 0.0082|-0.0044|-0.0519|0.2606|-0.0143;0.624933715932|0.830565343659|0.984633608635|0.996611409779|1.02507454526 5513.0 244.0 109722 0.0000|0.0000|0.0000|0.0000|0.0000;0.636213720788|0.836388617282|0.960298932085|0.977675954228|1.01338388034 3128.0 42.0 109723 0.0000|0.0000|0.0000|0.0000|0.0000;0.700774584501|0.950949053937|1.14676178503|1.20812022786|1.23865176415 3317.0 86.0 109725 0.0000|0.0000|0.0000|0.0000|0.0000;0.62411826351|0.840836410236|0.97994792863|1.03647178023|1.07011819854 2716.0 45.0 109726 0.0000|0.0000|0.0000|0.0000|0.0000;0.618263931289|0.79758352791|0.962360132942|0.974411182159|1.00637686887 3274.0 78.0 109728 0.0000|0.0000|0.0000|0.0000|0.0000;0.694558889579|0.9796629908|1.04830082633|1.08150399832|1.08600376592 7779.0 629.0 109732 -0.0451|-0.0018|0.1533|0.0345|0.0802;0.596933024158|0.813475451102|0.956497393683|0.982815800035|1.014365343 4070.0 355.0 109734 0.0000|0.0000|0.0000|0.0000|0.0000;0.636115746431|0.840328300451|0.968996919107|1.01070053223|1.04846310934 1977.0 33.0 109735 0.0000|0.0000|0.0000|0.0000|0.0000;0.700113181016|0.911949607441|1.06372555808|0.943141409878|0.994599302769 4218.0 172.0 109737 -0.0286|0.1703|0.0983|0.2326|-0.0057;0.613184118923|0.833430662118|0.953742354983|0.98511129809|1.02399951372 6372.0 495.0 109742 0.0000|0.0000|0.0000|0.0000|0.0000;0.621084515102|0.795311737613|0.938985570121|0.95068687886|0.982903252838 5263.0 347.0 109743 0.0000|0.0000|0.0000|0.0000|0.0000;0.594300850494|0.814883947635|0.956583289342|0.98832583444|1.02565469046 1128.0 11.0 109744 0.0000|0.0000|0.0000|0.0000|0.0000;0.631182051784|0.789370289914|0.926038069658|0.956166407332|0.992872093438 1289.0 18.0 109745 0.0000|0.0000|0.0000|0.0000|0.0000;0.630323646812|0.844222737028|0.948672178239|0.980516867531|1.00901969543 4004.0 277.0 109746 0.0000|0.0000|0.0000|0.0000|0.0000;0.644953247909|0.865489336595|1.02549970233|1.01263806581|1.0400375672 1491.0 29.0 109747 0.0000|0.0000|0.0000|0.0000|0.0000;0.591836529495|0.760495002224|0.923608683525|0.859555344722|0.897718320025 5198.0 335.0 109748 0.0155|0.0184|-0.0132|0.1031|-0.0062;0.657325379764|0.852698311281|0.955089622515|0.982250907442|1.02048174645 3063.0 176.0 109749 0.0000|0.0000|0.0000|0.0000|0.0000;0.647681686814|0.858230905248|0.977234522805|1.00030703582|1.02241041105 11632.0 204.0 109667 0.0000|0.0000|0.0000|0.0000|0.0000,109697.0 18624;109711.0 18624;109714.0 18624;109720.0 18624;109721.0 18624;109722.0 18624;109723.0 18624;109725.0 9058;109726.0 18624;109728.0 18624;109732.0 9058;109734.0 18624;109735.0 18624;109737.0 16352;109742.0 18624;109743.0 18624;109744.0 18624;109745.0 18624;109746.0 18624;109747.0 18624;109748.0 18624;109749.0 18624;109667.0 18624,109697 865;109711 853;109714 877;109720 849;109721 835;109722 899;109723 855;109725 403;109726 840;109728 870;109732 427;109734 869;109735 818;109737 425;109742 930;109743 882;109744 872;109745 872;109746 857;109747 873;109748 923;109749 850;109667 880
data,1241853900,1343861.0;71806.0;1412284.0;50986.0;1423459.0;75754.0,0.447420439195|0.58595793004|0.694265120769|0.720814046093|0.737320940801 3310.0 78.0 109728 0.0000|0.0000|0.0000|0.0000|0.0000;0.47711550693|0.610146991481|0.668006297108|0.680895225207|0.693975717365 7729.0 129.0 109697 -0.0285|-0.0000|0.0645|0.0279|0.0065;0.434535724269|0.576360727345|0.684040721346|0.656763058135|0.671704454658 11678.0 205.0 109667 -0.0165|-0.0165|-0.0037|0.1034|-0.0016;0.438372877698|0.579158157589|0.695850065737|0.714048096723|0.731889589711 3164.0 42.0 109723 0.0000|0.0000|0.0000|0.0000|0.0000;0.419056059655|0.553945721388|0.597818006996|0.562129622808|0.575489735363 4146.0 361.0 109734 -0.0672|0.0051|0.1308|0.1873|0.0187;0.38615788492|0.535129134647|0.645165397238|0.654504273623|0.674550314965 2025.0 34.0 109735 0.0722|-0.0025|-0.0087|0.0034|-0.0011;0.471500711296|0.618998271263|0.721364767664|0.683289189985|0.698751454646 4048.0 278.0 109746 -0.0466|-0.0116|-0.0180|0.1238|-0.0007;0.390845368667|0.536295960072|0.663284933631|0.673817871919|0.688973961734 6419.0 496.0 109742 0.0712|-0.0081|-0.0175|0.0177|-0.0012;0.389483419446|0.548758366642|0.662523224772|0.642533285989|0.649106194263 6613.0 321.0 109711 0.0622|-0.0179|-0.0040|0.0363|0.0159;0.503586083112|0.662001188494|0.792404110466|0.80127195297|0.8241709433 1149.0 12.0 109744 0.1070|-0.0105|0.0066|0.0313|-0.0013;0.434460158533|0.564712608891|0.621032672503|0.562953686043|0.575580088971 1361.0 22.0 109745 -0.0211|0.0170|0.0956|0.1066|0.0082;0.432849517978|0.580195293927|0.676539568226|0.700836332257|0.717467051864 730.0 8.0 109714 0.0000|0.0000|0.0000|0.0000|0.0000;0.395163370938|0.471628654525|0.607170603976|0.532956497499|0.548818871989 1565.0 34.0 109747 0.0025|0.1623|0.0110|0.1073|-0.0105;0.446367195669|0.585663595332|0.704209797293|0.628824807154|0.647859811151 5248.0 337.0 109748 -0.0513|-0.0117|-0.0353|0.1931|-0.0098;0.432093023062|0.598468655101|0.688858966218|0.703672448569|0.722749636499 3101.0 176.0 109749 0.0000|0.0000|0.0000|0.0000|0.0000;0.401166795761|0.554936723541|0.677304616763|0.663968489834|0.677588967354 6749.0 241.0 109720 0.0488|-0.0087|-0.0105|0.0358|0.0024;0.421686941488|0.523628189614|0.689364664843|0.584574659759|0.60043340818 20209.0 1419.0 109721 -0.0572|0.0740|-0.0495|0.2114|0.0040;0.39295951872|0.563908258393|0.689789064234|0.630587382617|0.647855416214 5568.0 246.0 109722 0.0429|-0.0209|-0.0155|0.1056|-0.0033;0.438930775338|0.59382854307|0.697326514057|0.708801175403|0.72313155064 5300.0 347.0 109743 0.0000|0.0000|0.0000|0.0000|0.0000;0.433420146466|0.575642573438|0.682580428263|0.72168960599|0.739013915739 2754.0 45.0 109726 0.0000|0.0000|0.0000|0.0000|0.0000,109728.0 20000;109697.0 20000;109667.0 20000;109734.0 20000;109735.0 20000;109711.0 20000;109714.0 20000;109742.0 20000;109743.0 20000;109744.0 12194;109745.0 20000;109746.0 20000;109747.0 20000;109748.0 20000;109749.0 20000;109720.0 20000;109721.0 20000;109722.0 20000;109723.0 20000;109726.0 20000,109728 1015;109697 1011;109667 1031;109723 986;109734 1072;109735 1020;109746 1010;109742 1099;109711 994;109744 324;109745 989;109714 1085;109747 1115;109748 1030;109749 1034;109720 1060;109721 1079;109722 1006;109743 1007;109726 1033
data,1241854800,1344863.0;71827.0;1413317.0;51009.0;1424540.0;75783.0,0.371071860176|0.496207320072|0.576117934079|0.603000636477|0.614123747316 3350.0 78.0 109728 0.0000|0.0000|0.0000|0.0000|0.0000;0.382113680662|0.506710874644|0.559005280555|0.579553154672|0.589197334515 7771.0 129.0 109697 -0.0202|0.0003|0.0462|0.0224|0.0037;0.375764678774|0.502927318391|0.584063961382|0.604737275272|0.616107284669 3204.0 42.0 109723 0.0000|0.0000|0.0000|0.0000|0.0000;0.355151144276|0.490937127075|0.532116172024|0.472987001736|0.479769857554 4222.0 363.0 109734 -0.0399|0.0025|0.1036|0.1339|0.0063;0.329630692969|0.465350098726|0.545362882175|0.568851120299|0.580695625748 2068.0 34.0 109735 0.0517|-0.0049|-0.0084|0.0071|-0.0012;0.368824294798|0.513409955383|0.598672703091|0.57021469423|0.580078680953 11718.0 205.0 109667 -0.0190|-0.0124|-0.0023|0.0837|-0.0010;0.3756090938|0.503503704559|0.58260448548|0.608536162427|0.619360951173 767.0 8.0 109714 0.0000|0.0000|0.0000|0.0000|0.0000;0.319301833604|0.462420571598|0.521294941771|0.540780144612|0.551646303331 6473.0 497.0 109742 0.0602|-0.0094|0.0241|0.0131|-0.0018;0.374423929378|0.493672874868|0.573719272708|0.599893551557|0.609770911801 5339.0 347.0 109743 0.0000|0.0000|0.0000|0.0000|0.0000;0.366083719701|0.491830210658|0.540626873608|0.491835524784|0.499554671647 1409.0 22.0 109745 -0.0183|0.0130|0.0699|0.0872|0.0045;0.345919003743|0.493199828436|0.58944410734|0.543767911035|0.555288947808 4102.0 279.0 109746 0.0111|-0.0219|-0.0191|0.1045|-0.0016;0.343219285935|0.37243998982|0.487031298864|0.434818456869|0.4459253184 1626.0 36.0 109747 -0.0168|0.1574|0.0136|0.0765|-0.0081;0.380466953284|0.518053237791|0.587480535223|0.517507533327|0.523883002472 5329.0 340.0 109748 -0.0657|-0.0021|0.0432|0.1475|0.0196;0.366303363462|0.506287570564|0.581886075935|0.56527990644|0.577228735532 3148.0 177.0 109749 -0.0209|-0.0103|-0.0030|0.0873|-0.0009;0.314650905464|0.404356932995|0.503022950888|0.4977835007|0.509536350861 6811.0 244.0 109720 0.0913|0.1071|-0.0252|0.0081|-0.0009;0.369378282739|0.4344928502|0.520964577171|0.44193239894|0.453316339902 20275.0 1422.0 109721 -0.0756|0.0989|0.0263|0.1802|-0.0027;0.318387361529|0.387642622362|0.508115706737|0.437689460436|0.451036475242 5653.0 251.0 109722 0.0121|0.0852|-0.0230|0.1412|-0.0094;0.335851872527|0.475413146174|0.558819962054|0.553941629571|0.557296169224 6660.0 321.0 109711 0.0466|-0.0140|-0.0037|0.0278|0.0095;0.378871974554|0.502729179434|0.580042559492|0.604905881275|0.616628430653 2794.0 45.0 109726 0.0000|0.0000|0.0000|0.0000|0.0000,109728.0 20000;109697.0 20000;109667.0 20000;109734.0 20000;109735.0 20000;109711.0 20000;109714.0 20000;109742.0 20000;109743.0 20000;109745.0 20000;109746.0 20000;109747.0 20000;109748.0 20000;109749.0 20000;109720.0 20000;109721.0 20000;109722.0 20000;109723.0 20000;109726.0 20000,109728 1023;109697 1094;109723 1037;109734 1041;109735 1099;109667 1090;109714 982;109742 1053;109743 1014;109745 1042;109746 1021;109747 987;109748 1110;109749 1077;109720 1122;109721 1038;109722 1045;109711 1062;109726 1063
data,1241855700,1345888.0;71851.0;1414414.0;51028.0;1425573.0;75823.0,0.32869965737|0.448119384366|0.486187712812|0.520070801357|0.528957073313 3395.0 79.0 109728 -0.0150|0.0025|0.0594|-0.0086|-0.0001;0.340254196612|0.452607842957|0.496254842062|0.511001742018|0.519109191845 7811.0 129.0 109697 -0.0159|-0.0001|0.0363|0.0172|0.0026;0.336499712724|0.455807590314|0.52885388477|0.506666469156|0.514671410128 11756.0 205.0 109667 -0.0167|-0.0090|-0.0019|0.0711|-0.0007;0.322600879865|0.440270286445|0.478971454506|0.420257650901|0.425649977337 4273.0 363.0 109734 -0.0353|-0.0030|0.0840|0.1173|0.0037;0.2904784474|0.413049569842|0.490788565554|0.506225370446|0.515560463463 2108.0 34.0 109735 0.0407|-0.0043|-0.0069|0.0066|-0.0008;0.300325105149|0.423449521795|0.468664706745|0.472341318436|0.475902229302 6714.0 322.0 109711 0.0272|-0.0076|0.0530|0.0105|0.0064;0.329938973873|0.446397872922|0.513205667543|0.539212312962|0.54793823655 804.0 8.0 109714 0.0000|0.0000|0.0000|0.0000|0.0000;0.245930461845|0.356184947812|0.433965114754|0.455311796151|0.465138162953 6532.0 499.0 109742 0.0868|0.0249|0.0103|-0.0041|-0.0036;0.327595992336|0.442907024528|0.513103313323|0.541597950165|0.549320807897 5375.0 347.0 109743 0.0000|0.0000|0.0000|0.0000|0.0000;0.308076688132|0.415238479451|0.444201006088|0.398302528605|0.404035344281 1515.0 29.0 109745 -0.0469|-0.0004|0.0976|0.1428|0.0074;0.315886405014|0.431745883247|0.516020945628|0.478791213739|0.487666577359 4145.0 279.0 109746 0.0105|-0.0175|-0.0148|0.0826|-0.0012;0.314371778095|0.336307187573|0.432734641792|0.387442172323|0.396436968041 1676.0 37.0 109747 -0.0250|0.1400|0.0074|0.0808|-0.0071;0.312151211558|0.434415157704|0.499225456728|0.439303498959|0.44261312878 5405.0 342.0 109748 -0.0171|-0.0089|0.0333|0.1268|0.0188;0.297345396483|0.417304953592|0.490874364229|0.457676698361|0.46732056005 3219.0 183.0 109749 0.0271|-0.0351|-0.0074|0.1758|0.0109;0.261314830992|0.32411771067|0.436885249178|0.414846393205|0.423803036923 6883.0 246.0 109720 0.0572|0.0751|-0.0261|0.0602|-0.0031;0.337472705434|0.401502756486|0.486558997324|0.405383759637|0.410946583525 20359.0 1424.0 109721 -0.0703|0.0744|0.0154|0.1586|0.0132;0.293736044872|0.357393286259|0.470178652397|0.399913439247|0.409936906222 5703.0 251.0 109722 0.0070|0.0699|-0.0193|0.1165|-0.0071;0.331442084101|0.447754804811|0.519475314179|0.537264847055|0.546246340754 3241.0 42.0 109723 0.0000|0.0000|0.0000|0.0000|0.0000;0.328175932505|0.442331140554|0.509928537938|0.541937802848|0.551361450313 2830.0 45.0 109726 0.0000|0.0000|0.0000|0.0000|0.0000,109728.0 20000;109697.0 20000;109667.0 20000;109734.0 20000;109735.0 20000;109711.0 20000;109714.0 20000;109742.0 20000;109743.0 20000;109745.0 20000;109746.0 20000;109747.0 20000;109748.0 20000;109749.0 20000;109720.0 20000;109721.0 20000;109722.0 20000;109723.0 20000;109726.0 20000,109728 1050;109697 1063;109667 1061;109734 1090;109735 990;109711 1020;109714 1081;109742 1093;109743 1032;109745 1063;109746 1047;109747 1103;109748 1040;109749 1025;109720 998;109721 1033;109722 1058;109723 1042;109726 1111
data,1241856600,1346919.0;71883.0;1415420.0;51058.0;1426683.0;75864.0,0.315304156507|0.419194433145|0.450296877061|0.485165915934|0.492804829855 3428.0 79.0 109728 -0.0129|0.0019|0.0482|-0.0067|-0.0001;0.314876253404|0.39816736136|0.439406560261|0.455686260048|0.460253599371 7887.0 132.0 109697 -0.0229|0.0722|0.0293|0.0156|0.0149;0.317505061217|0.425688779054|0.488511182537|0.472647462483|0.479485255643 11788.0 205.0 109667 -0.0135|-0.0072|-0.0009|0.0603|-0.0005;0.303023126437|0.408356094836|0.441211857992|0.389346290865|0.394271981325 4315.0 363.0 109734 -0.0302|-0.0033|0.0717|0.1051|0.0034;0.281170122534|0.387397360639|0.450256146556|0.469094634424|0.476983099881 2139.0 34.0 109735 0.0388|-0.0038|-0.0059|0.0058|-0.0007;0.311551956231|0.417246767308|0.476764699956|0.507273579544|0.514629725095 834.0 8.0 109714 0.0000|0.0000|0.0000|0.0000|0.0000;0.239017731268|0.332929937149|0.399337848986|0.423337791374|0.431715976702 6570.0 499.0 109742 0.0820|0.0173|0.0050|-0.0032|-0.0034;0.314284696075|0.415053625947|0.474803949176|0.506079331178|0.512823460975 5405.0 347.0 109743 0.0000|0.0000|0.0000|0.0000|0.0000;0.309975832261|0.414099171575|0.476378865216|0.501991187899|0.509753794811 3271.0 42.0 109723 0.0000|0.0000|0.0000|0.0000|0.0000;0.29741010495|0.401422823539|0.43099367667|0.378197172316|0.382852934213 1558.0 29.0 109745 -0.0373|-0.0080|0.0805|0.1293|0.0053;0.215506315731|0.307307783727|0.37109949951|0.341194839168|0.351043234475 4255.0 287.0 109746 0.0819|0.0316|0.0269|0.0740|-0.0044;0.270796003009|0.301204957008|0.391535803127|0.350599383535|0.359080341843 1723.0 38.0 109747 0.0105|0.1163|0.0024|0.0703|-0.0064;0.290061825198|0.408279783088|0.461774962751|0.405515413423|0.40780904377 5510.0 348.0 109748 -0.0334|-0.0351|0.0278|0.1613|0.0219;0.229057317225|0.341517096262|0.426528983886|0.382183490495|0.389740674257 3326.0 187.0 109749 0.0374|-0.0142|-0.0187|0.1515|0.0044;0.250299850536|0.305897583884|0.398673116926|0.380464901866|0.386283043469 6942.0 247.0 109720 0.0546|0.0608|-0.0227|0.0539|0.0054;0.319432153335|0.37895861768|0.45608497609|0.379660770571|0.384701016106 20402.0 1424.0 109721 -0.0585|0.0608|0.0091|0.1447|0.0110;0.280139254873|0.340565113852|0.434443662789|0.367062967508|0.375513119368 5740.0 251.0 109722 0.0079|0.0582|-0.0179|0.1093|-0.0056;0.26023955923|0.367798759142|0.40347009276|0.37903028358|0.382879321493 6815.0 330.0 109711 -0.0454|-0.0196|0.0608|0.2184|0.0100;0.313971697619|0.413504129702|0.460698148462|0.49088223338|0.498534313076 2867.0 46.0 109726 -0.0092|0.0015|0.0587|-0.0061|-0.0004,109728.0 20000;109697.0 20000;109667.0 20000;109734.0 20000;109735.0 20000;109711.0 20000;109714.0 20000;109742.0 20000;109743.0 20000;109745.0 20000;109746.0 20000;109747.0 20000;109748.0 20000;109749.0 20000;109720.0 20000;109721.0 20000;109722.0 20000;109723.0 20000;109726.0 20000,109728 989;109697 1091;109667 1042;109734 1025;109735 1069;109714 1024;109742 1085;109743 1098;109723 1051;109745 990;109746 1049;109747 1101;109748 1043;109749 1026;109720 1050;109721 1086;109722 1037;109711 1096;109726 1048
data,1241857500,1347973.0;71903.0;1416485.0;51084.0;1427734.0;75898.0,0.289431376141|0.387441448854|0.416399400739|0.460632758441|0.466935381092 3465.0 79.0 109728 -0.0122|0.0015|0.0438|-0.0062|-0.0001;0.299059098385|0.341152940739|0.385496003198|0.401527700339|0.404771965814 7947.0 133.0 109697 -0.0271|0.0823|0.0278|0.0051|0.0116;0.290032923753|0.393128732503|0.451632639182|0.441052010254|0.446992206403 11826.0 205.0 109667 -0.0122|-0.0065|-0.0008|0.0562|-0.0004;0.264976332275|0.371503543417|0.403850321165|0.356362911988|0.361077988742 4368.0 364.0 109734 -0.0088|-0.0080|0.0664|0.1001|0.0023;0.258521100207|0.355982239235|0.416245202473|0.443278069625|0.449570745909 2178.0 34.0 109735 0.0328|-0.0034|-0.0045|0.0069|-0.0005;0.245055834428|0.344028885715|0.378191275312|0.339313149724|0.342106181839 6922.0 335.0 109711 -0.0348|-0.0348|0.0491|0.1734|0.0083;0.282619233705|0.382922071976|0.439548532248|0.470784791191|0.477084806612 873.0 8.0 109714 0.0000|0.0000|0.0000|0.0000|0.0000;0.221011467584|0.310479497615|0.373556125402|0.396401115889|0.403656167727 6614.0 499.0 109742 0.0703|0.0148|0.0050|-0.0009|-0.0026;0.286668023475|0.382273633516|0.437620880083|0.470777984682|0.476536695983 5444.0 347.0 109743 0.0000|0.0000|0.0000|0.0000|0.0000;0.278103127829|0.382706807374|0.411020889543|0.358712075704|0.36280426844 1607.0 29.0 109745 -0.0377|-0.0091|0.0705|0.1241|0.0042;0.205988402832|0.294363273128|0.352249084897|0.324013191144|0.33206381113 4307.0 287.0 109746 0.0687|0.0274|0.0200|0.0728|-0.0045;0.257904639639|0.285760339526|0.368517837022|0.332950372337|0.339756188808 1766.0 38.0 109747 0.0082|0.1057|0.0025|0.0657|-0.0054;0.250538086502|0.369539857547|0.423291981975|0.373630261754|0.375296848848 5633.0 355.0 109748 -0.0352|-0.0568|0.0114|0.1882|0.0209;0.219247693071|0.326960789415|0.390924092328|0.346954501089|0.353173676418 3389.0 188.0 109749 0.0287|-0.0173|0.0026|0.1431|0.0028;0.218749249848|0.268183854977|0.364276409047|0.353675097392|0.358770272614 7009.0 249.0 109720 0.0666|0.0715|-0.0277|0.0354|0.0033;0.274474837436|0.340020567131|0.395796189703|0.326029183316|0.330367965604 20471.0 1426.0 109721 -0.0348|0.0505|0.0352|0.1391|0.0081;0.260618251585|0.320168523658|0.407554607729|0.347288442956|0.354406010205 5782.0 251.0 109722 0.0059|0.0508|-0.0139|0.1022|-0.0041;0.284660570522|0.384306905827|0.443970796428|0.444143408381|0.451251963814 3318.0 43.0 109723 -0.0133|-0.0019|-0.0042|0.0605|-0.0002;0.290467098864|0.384274937521|0.414088666559|0.455213836042|0.461821323743 2910.0 46.0 109726 -0.0090|0.0014|0.0415|-0.0047|-0.0004,109728.0 20000;109697.0 20000;109667.0 20000;109734.0 20000;109735.0 20000;109711.0 20000;109714.0 20000;109742.0 20000;109743.0 20000;109745.0 20000;109746.0 20000;109747.0 20000;109748.0 20000;109749.0 20000;109720.0 20000;109721.0 20000;109722.0 20000;109723.0 20000;109726.0 20000,109728 1113;109697 1048;109667 1051;109734 1052;109735 1027;109711 1054;109714 1066;109742 1051;109743 1127;109745 1029;109746 1052;109747 1040;109748 1111;109749 1042;109720 1024;109721 1038;109722 1040;109723 1041;109726 994
data,1241858400,1349027.0;71921.0;1417515.0;51102.0;1428714.0;75916.0,0.274528448831|0.373425725866|0.399264257575|0.438154099762|0.443576343194 3504.0 79.0 109728 -0.0112|0.0014|0.0389|-0.0049|-0.0001;0.248576770416|0.296829861346|0.347614880987|0.361861775645|0.364504481684 8008.0 134.0 109697 0.0065|0.0748|0.0212|0.0064|0.0094;0.270660048928|0.368722071918|0.423823909128|0.415360051214|0.420557510812 11866.0 205.0 109667 -0.0113|-0.0064|-0.0007|0.0528|-0.0003;0.249260311445|0.356101938608|0.386032579402|0.341839413957|0.345840467473 4416.0 364.0 109734 -0.0100|-0.0071|0.0605|0.0928|0.0020;0.199474954916|0.282766143689|0.335675335043|0.310067810144|0.316908266242 4357.0 287.0 109746 0.0615|0.0248|0.0164|0.0680|-0.0042;0.240994146813|0.335087587916|0.390003695722|0.416847548077|0.422484745072 2219.0 34.0 109735 0.0288|-0.0026|-0.0045|0.0066|-0.0004;0.265822606819|0.362941510639|0.415765836484|0.448934524309|0.453856261169 5481.0 347.0 109743 0.0000|0.0000|0.0000|0.0000|0.0000;0.207302757857|0.293086735361|0.353087393684|0.35920343062|0.366085531305 6670.0 500.0 109742 0.0604|0.0110|0.0017|0.0290|-0.0023;0.240126270287|0.336617777859|0.370811933069|0.330176246056|0.332503572028 6982.0 336.0 109711 -0.0363|-0.0343|0.0443|0.1624|0.0059;0.261769077892|0.366762464374|0.393366480172|0.345627952439|0.349261032016 1660.0 30.0 109745 -0.0405|-0.0155|0.0652|0.1254|0.0030;0.260962621632|0.355222608251|0.411621591437|0.442777686514|0.448392862089 911.0 8.0 109714 0.0000|0.0000|0.0000|0.0000|0.0000;0.239093540173|0.259093512758|0.336699617667|0.30903418029|0.315128867422 1826.0 40.0 109747 -0.0054|0.1190|0.0050|0.0564|-0.0063;0.240998230613|0.358538317471|0.391324802734|0.347434407774|0.348253700899 5757.0 361.0 109748 -0.0543|-0.0471|0.0589|0.1734|0.0185;0.204902154498|0.311186906589|0.373992945647|0.329414067295|0.334012812532 3478.0 191.0 109749 0.0479|-0.0201|-0.0029|0.1304|0.0055;0.206333124874|0.252319060362|0.33752082764|0.331534858681|0.335853694433 7062.0 249.0 109720 0.0575|0.0649|-0.0226|0.0331|0.0022;0.256799548147|0.32170187369|0.376116347086|0.310641116185|0.314058727518 20526.0 1426.0 109721 -0.0326|0.0494|0.0327|0.1247|0.0069;0.234348001064|0.294709215505|0.35704164466|0.307967668659|0.3148357787 5851.0 254.0 109722 -0.0071|0.0431|0.0086|0.1219|-0.0041;0.267367464822|0.361206541902|0.419147491654|0.417248887017|0.42309012119 3359.0 43.0 109723 -0.0130|-0.0018|-0.0031|0.0535|-0.0001;0.26881677813|0.362473689572|0.391682875883|0.430455805279|0.435974108254 2950.0 46.0 109726 -0.0083|0.0012|0.0382|-0.0046|-0.0003,109728.0 20000;109697.0 20000;109667.0 20000;109734.0 20000;109735.0 20000;109711.0 20000;109714.0 20000;109742.0 20000;109743.0 20000;109745.0 20000;109746.0 20000;109747.0 20000;109748.0 20000;109749.0 20000;109720.0 20000;109721.0 20000;109722.0 20000;109723.0 20000;109726.0 20000,109728 1007;109697 1059;109667 1022;109734 1076;109746 1065;109735 1065;109743 1073;109742 1014;109711 1034;109745 1116;109714 1048;109747 1092;109748 1035;109749 1024;109720 1043;109721 1042;109722 1051;109723 1039;109726 1095
data,1241859300,1350039.0;71943.0;1418556.0;51127.0;1429782.0;75940.0,0.256728116624|0.346937833937|0.373272187729|0.411101878971|0.41625514893 3539.0 79.0 109728 -0.0102|0.0013|0.0363|-0.0042|-0.0001;0.240317883547|0.283659694025|0.334795409294|0.350091744386|0.352200535965 8048.0 134.0 109697 0.0062|0.0660|0.0203|0.0066|0.0081;0.224393148297|0.298680008323|0.36151807404|0.33505304027|0.341108104381 11954.0 210.0 109667 -0.0066|0.0144|-0.0127|0.1141|-0.0014;0.235620029017|0.332055754611|0.352958009545|0.316181772319|0.320194978544 4473.0 366.0 109734 -0.0142|-0.0052|0.0775|0.0844|0.0007;0.225397872175|0.31227667272|0.366851579616|0.395232259129|0.400474793507 2255.0 34.0 109735 0.0252|-0.0021|-0.0036|0.0065|-0.0003;0.231893560646|0.327517041003|0.362609069332|0.320772417831|0.322712584868 7043.0 337.0 109711 -0.0378|-0.0358|0.0425|0.1568|0.0078;0.181949210118|0.259136988961|0.315893129537|0.290904760944|0.297593951595 4426.0 289.0 109746 0.0664|0.0184|0.0117|0.0668|-0.0049;0.198815507898|0.277063411104|0.334769792489|0.340602266295|0.346993776782 6709.0 500.0 109742 0.0560|0.0083|0.0017|0.0269|-0.0019;0.250582679172|0.337774222553|0.388331792193|0.423375488699|0.427928180859 5516.0 347.0 109743 0.0000|0.0000|0.0000|0.0000|0.0000;0.231178521346|0.338820044307|0.364900116215|0.320843227966|0.323655311982 1785.0 37.0 109745 -0.0355|-0.0293|0.0782|0.1362|0.0085;0.251474392795|0.33878258626|0.373899663736|0.408319538609|0.413725651436 955.0 9.0 109714 -0.0061|0.0011|0.0362|-0.0048|-0.0001;0.232675559337|0.249258379864|0.32223106451|0.298075888678|0.303410544256 1871.0 41.0 109747 -0.0046|0.1119|0.0051|0.0523|-0.0064;0.235496432724|0.345583884222|0.378014683449|0.333424823474|0.334133599494 5816.0 363.0 109748 -0.0385|-0.0519|0.0549|0.1691|0.0157;0.195414492422|0.29504669532|0.357808659497|0.312130980026|0.316423710691 3535.0 191.0 109749 0.0366|-0.0237|-0.0009|0.1227|0.0045;0.196893407842|0.240236500354|0.323706429525|0.319113473317|0.323047020787 7108.0 249.0 109720 0.0526|0.0579|-0.0204|0.0321|0.0018;0.248267003731|0.306802534676|0.359645052637|0.298541421939|0.300726729945 20596.0 1427.0 109721 -0.0312|0.0421|0.0320|0.1184|0.0094;0.227923366344|0.284022740188|0.344345151885|0.297418193206|0.303560667671 5889.0 254.0 109722 -0.0051|0.0378|0.0085|0.1136|-0.0036;0.256201697247|0.340111073818|0.394733207124|0.393847454841|0.3991971946 3395.0 43.0 109723 -0.0127|-0.0017|-0.0027|0.0504|-0.0001;0.256986803037|0.345126745573|0.373565869934|0.414019281652|0.4190070665 2982.0 46.0 109726 -0.0076|0.0011|0.0354|-0.0041|-0.0002,109728.0 20000;109697.0 20000;109667.0 20000;109734.0 20000;109735.0 20000;109711.0 20000;109714.0 20000;109742.0 20000;109743.0 20000;109745.0 20000;109746.0 20000;109747.0 20000;109748.0 20000;109749.0 20000;109720.0 20000;109721.0 20000;109722.0 20000;109723.0 20000;109726.0 20000,109728 1047;109697 1071;109667 1087;109734 1056;109735 1043;109711 1079;109746 1041;109742 1093;109743 1037;109745 1092;109714 1030;109747 992;109748 1048;109749 1080;109720 1075;109721 1040;109722 1040;109723 1062;109726 987
data,1241860500,1351092.0;71966.0;1419571.0;51143.0;1430808.0;75960.0,0.245367169353|0.331736960505|0.35589853428|0.395342956279|0.400090246098 3575.0 79.0 109728 -0.0090|0.0011|0.0320|-0.0037|-0.0001;0.229941268772|0.270075334157|0.318165829168|0.336009688677|0.337839736835 8092.0 134.0 109697 0.0039|0.0619|0.0182|0.0070|0.0072;0.217406981138|0.290450915183|0.338637092637|0.311400074498|0.316274818729 12033.0 213.0 109667 -0.0153|0.0138|0.0175|0.1179|0.0027;0.239200522829|0.323610505101|0.370658998225|0.408989221362|0.413118724133 5549.0 347.0 109743 0.0000|0.0000|0.0000|0.0000|0.0000;0.22918127618|0.319467364431|0.33702570086|0.305202670233|0.308825334842 4515.0 366.0 109734 -0.0129|-0.0045|0.0701|0.0810|0.0006;0.219268998796|0.301236971168|0.351119733532|0.381762327166|0.386554287071 2288.0 34.0 109735 0.0239|-0.0019|-0.0033|0.0064|-0.0003;0.240361540081|0.327405187564|0.357941973819|0.393778864602|0.398774884628 990.0 9.0 109714 -0.0063|0.0010|0.0325|-0.0042|-0.0001;0.189453503467|0.268292030035|0.323877259673|0.331006653779|0.336714534204 6748.0 500.0 109742 0.0509|0.0081|0.0020|0.0275|-0.0017;0.20388661707|0.306419622775|0.344777282883|0.305687061472|0.308108531169 7151.0 345.0 109711 -0.0205|-0.0513|0.0256|0.1721|0.0044;0.219982882346|0.327862624061|0.351444233588|0.307418712165|0.310008067931 1846.0 38.0 109745 -0.0232|-0.0314|0.0654|0.1317|0.0073;0.176274119476|0.249851744177|0.30341519222|0.281912300551|0.287899344475 4470.0 289.0 109746 0.0605|0.0165|0.0098|0.0669|-0.0047;0.223027098084|0.237761907223|0.306284125856|0.2860938717|0.290837067039 1914.0 41.0 109747 -0.0082|0.1063|0.0052|0.0504|-0.0060;0.216902815437|0.260092346119|0.296835331634|0.253723639345|0.25396375318 6013.0 372.0 109748 -0.0435|0.0429|0.0494|0.1570|0.0191;0.180775962438|0.284624224805|0.345351575554|0.302262858867|0.306224141735 3599.0 193.0 109749 0.0435|-0.0275|-0.0063|0.1219|0.0031;0.192132099847|0.231344823667|0.308902891603|0.308413921473|0.311898923144 7149.0 249.0 109720 0.0500|0.0522|-0.0193|0.0333|0.0014;0.238992230829|0.296135608204|0.344281237733|0.286532804032|0.288591675053 20641.0 1427.0 109721 -0.0307|0.0398|0.0280|0.1152|0.0084;0.220959452369|0.274992352992|0.331368476456|0.286008750957|0.29169297152 5926.0 254.0 109722 -0.0068|0.0348|0.0068|0.1116|-0.0032;0.247411578322|0.326680262757|0.376569901867|0.377203932798|0.382207871398 3429.0 43.0 109723 -0.0122|-0.0018|-0.0023|0.0480|-0.0001;0.243113091932|0.327362004336|0.355072999499|0.395400451591|0.399927256829 3020.0 46.0 109726 -0.0064|0.0009|0.0317|-0.0040|-0.0002,109728.0 20000;109697.0 20000;109667.0 20000;109734.0 20000;109735.0 20000;109711.0 20000;109714.0 20000;109742.0 20000;109743.0 20000;109745.0 20000;109746.0 20000;109747.0 20000;109748.0 20000;109749.0 20000;109720.0 20000;109721.0 20000;109722.0 20000;109723.0 20000;109726.0 20000,109728 1071;109697 1042;109667 1056;109743 1056;109734 1070;109735 1017;109714 1040;109742 1066;109711 1053;109745 1096;109746 1056;109747 1037;109748 1031;109749 1100;109720 1080;109721 1045;109722 978;109723 1074;109726 1032
data,1241861400,1352124.0;71994.0;1420593.0;51157.0;1431909.0;75980.0,0.236877624909|0.318229983533|0.341576899567|0.383820992308|0.38824297106 3606.0 79.0 109728 -0.0081|0.0009|0.0293|-0.0034|-0.0001;0.222747377873|0.260123278303|0.305325884753|0.326524360818|0.32800414147 8132.0 134.0 109697 0.0031|0.0576|0.0163|0.0079|0.0064;0.216708997654|0.286215787884|0.329902640233|0.302398423232|0.305884017973 12125.0 215.0 109667 -0.0134|0.0124|0.0132|0.1138|0.0083;0.221037355437|0.310905764986|0.32581513511|0.296871250755|0.300294236225 4561.0 367.0 109734 0.0039|-0.0063|0.0656|0.0751|0.0003;0.212919647679|0.294278008419|0.340030274631|0.369580342899|0.374042193745 2320.0 34.0 109735 0.0226|-0.0017|-0.0029|0.0060|-0.0002;0.20296203283|0.305638434019|0.342686916372|0.304204452855|0.306537973239 7176.0 345.0 109711 -0.0183|-0.0494|0.0229|0.1679|0.0032;0.167051595983|0.240938306646|0.291326299512|0.27428271641|0.279980603665 4515.0 290.0 109746 0.0698|0.0141|0.0019|0.0616|-0.0050;0.150972024824|0.239202013747|0.294650470211|0.271222904575|0.27672348315 6958.0 516.0 109742 0.0658|-0.0281|-0.0078|0.1262|0.0005;0.232900400904|0.315056237262|0.358334402952|0.396838234449|0.400733116439 5580.0 347.0 109743 0.0000|0.0000|0.0000|0.0000|0.0000;0.216332008057|0.298993753213|0.321745484308|0.279597216734|0.28200702832 1897.0 39.0 109745 -0.0256|0.0014|0.0590|0.1308|0.0066;0.23442933832|0.315405040415|0.342992907487|0.384359375972|0.388958308604 1021.0 9.0 109714 -0.0058|0.0009|0.0291|-0.0037|-0.0001;0.217233775962|0.230746912494|0.294672220025|0.278467129876|0.282849269062 1948.0 41.0 109747 -0.0088|0.0986|0.0043|0.0541|-0.0052;0.214039593788|0.255808219982|0.290709734574|0.248845770126|0.248475881321 6086.0 375.0 109748 -0.0507|0.0499|0.0431|0.1620|0.0170;0.175684789843|0.240625298727|0.298299177397|0.261303859246|0.264044337556 3716.0 197.0 109749 0.0369|0.0321|-0.0045|0.1122|0.0078;0.186443861871|0.224380610865|0.293530156796|0.295900303141|0.299069325262 7188.0 249.0 109720 0.0473|0.0491|-0.0172|0.0328|0.0012;0.234196378911|0.288460200628|0.33283383162|0.278445482617|0.280238738644 20680.0 1427.0 109721 -0.0295|0.0381|0.0250|0.1135|0.0076;0.216852923602|0.269060279036|0.320555585426|0.27755212172|0.282794428945 5960.0 254.0 109722 -0.0049|0.0333|0.0057|0.1070|-0.0028;0.241651035698|0.318371886713|0.364707104702|0.367670692824|0.372287242189 3459.0 43.0 109723 -0.0121|-0.0017|-0.0021|0.0480|-0.0001;0.235834881816|0.318504714029|0.343786873085|0.385413119938|0.389577440203 3052.0 46.0 109726 -0.0058|0.0008|0.0285|-0.0038|-0.0002,109728.0 20000;109697.0 20000;109667.0 20000;109734.0 20000;109735.0 20000;109711.0 20000;109714.0 20000;109742.0 20000;109743.0 20000;109745.0 20000;109746.0 20000;109747.0 20000;109748.0 20000;109749.0 20000;109720.0 20000;109721.0 20000;109722.0 20000;109723.0 20000;109726.0 20000,109728 1040;109697 1077;109667 1042;109734 1062;109735 1095;109711 1079;109746 1090;109742 1007;109743 1024;109745 1041;109714 1083;109747 1074;109748 1062;109749 1059;109720 1029;109721 1052;109722 999;109723 1058;109726 1027
data,1241862600,1353200.0;72019.0;1421641.0;51183.0;1432986.0;76007.0,0.231589462663|0.311461416201|0.33363529789|0.376002906228|0.38007241557 3638.0 79.0 109728 -0.0079|0.0009|0.0278|-0.0033|-0.0001;0.219774668128|0.254874995008|0.297205395953|0.318466734698|0.319864676702 8171.0 134.0 109697 0.0035|0.0541|0.0153|0.0076|0.0058;0.211503944289|0.279340971195|0.321690557232|0.295715033569|0.298845641885 12166.0 215.0 109667 -0.0127|0.0127|0.0135|0.1071|0.0074;0.205695445966|0.294165553073|0.307722431299|0.283602656006|0.287005309207 4611.0 368.0 109734 -0.0040|-0.0071|0.0638|0.0851|0.0001;0.206311752548|0.282966089772|0.327608234421|0.359110023489|0.363265672235 2353.0 34.0 109735 0.0213|-0.0015|-0.0026|0.0059|-0.0002;0.196700285613|0.298152726021|0.33549168336|0.297381308366|0.299647251589 7224.0 345.0 109711 -0.0195|-0.0475|0.0248|0.1578|0.0026;0.225852227681|0.306741362432|0.332825407945|0.371801239001|0.376064156451 1056.0 9.0 109714 -0.0054|0.0008|0.0270|-0.0033|-0.0001;0.14633648573|0.234545078355|0.290370905966|0.263565399418|0.268514974638 7051.0 519.0 109742 0.0574|-0.0115|-0.0118|0.1234|-0.0010;0.226836534671|0.303826258727|0.347122091562|0.383637915234|0.387272385059 5612.0 347.0 109743 0.0000|0.0000|0.0000|0.0000|0.0000;0.210303191067|0.290001062132|0.311924398002|0.272331458248|0.274592616787 1942.0 39.0 109745 -0.0249|0.0030|0.0589|0.1229|0.0059;0.161654526552|0.232883206588|0.284289311508|0.268920365767|0.274199115085 4558.0 290.0 109746 0.0650|0.0128|0.0028|0.0594|-0.0047;0.21330625347|0.225630141098|0.286622342853|0.272577230082|0.276645158104 1982.0 41.0 109747 -0.0089|0.0964|0.0045|0.0508|-0.0046;0.209529976607|0.247131342982|0.266651258066|0.228880947936|0.228585472529 6307.0 388.0 109748 -0.0687|0.0507|0.0834|0.1536|0.0177;0.158126815212|0.196262838332|0.262098430592|0.229681133318|0.232077004804 3859.0 205.0 109749 0.0512|0.0705|-0.0062|0.0949|0.0079;0.179577060837|0.217098421744|0.284983894638|0.288736416915|0.291712799558 7228.0 249.0 109720 0.0440|0.0474|-0.0158|0.0320|0.0011;0.226539507658|0.276888365352|0.320144642052|0.271218199322|0.272911187504 20724.0 1427.0 109721 -0.0252|0.0365|0.0254|0.1051|0.0070;0.211537190242|0.261364448702|0.312229616573|0.272067557152|0.276829220743 5996.0 254.0 109722 -0.0030|0.0315|0.0063|0.1007|-0.0025;0.233219636108|0.308914587158|0.353346919648|0.356761543204|0.361104565386 3492.0 43.0 109723 -0.0110|-0.0013|-0.0018|0.0438|-0.0001;0.228196869689|0.306996597576|0.331866766597|0.371313893717|0.375215303083 3086.0 46.0 109726 -0.0054|0.0007|0.0269|-0.0033|-0.0002,109728.0 20000;109697.0 20000;109667.0 20000;109734.0 20000;109735.0 20000;109711.0 20000;109714.0 20000;109742.0 20000;109743.0 20000;109745.0 20000;109746.0 20000;109747.0 20000;109748.0 20000;109749.0 20000;109720.0 20000;109721.0 20000;109722.0 20000;109723.0 20000;109726.0 20000,109728 1045;109697 1000;109667 1051;109734 1070;109735 1044;109711 1060;109714 1061;109742 1089;109743 1047;109745 1050;109746 1045;109747 1026;109748 1067;109749 1078;109720 1042;109721 1059;109722 1079;109723 1030;109726 1057
data,1241863500,1354295.0;72046.0;1422714.0;51213.0;1434030.0;76033.0,0.225235625333|0.298352367935|0.321929995827|0.362591146959|0.366367614619 3671.0 79.0 109728 -0.0076|0.0008|0.0277|-0.0032|-0.0001;0.211443502263|0.245202795213|0.289733407374|0.311477819704|0.312878351763 8208.0 134.0 109697 0.0033|0.0508|0.0154|0.0076|0.0054;0.206761394181|0.269857539746|0.31270434991|0.288899632775|0.291464789121 12252.0 217.0 109667 -0.0130|0.0120|0.0135|0.1043|0.0094;0.199692367619|0.283769346644|0.297035078352|0.275033355082|0.27832261135 4654.0 369.0 109734 -0.0051|-0.0068|0.0645|0.0861|-0.0001;0.19905599826|0.273063251553|0.319768422502|0.348206485667|0.352109835038 2386.0 34.0 109735 0.0201|-0.0013|-0.0023|0.0055|-0.0002;0.158355482601|0.2245825793|0.277729668675|0.262989081837|0.267986804445 4595.0 290.0 109746 0.0632|0.0111|0.0038|0.0552|-0.0043;0.21543638509|0.293678623287|0.311304763152|0.341010948759|0.344697078076 5696.0 351.0 109743 -0.0190|0.0014|0.0628|0.0044|-0.0004;0.145086008731|0.227904737798|0.284960522368|0.257555007514|0.26234452039 7088.0 519.0 109742 0.0567|-0.0139|-0.0100|0.1153|-0.0013;0.192270569463|0.290897692125|0.32683967266|0.290353542599|0.292446673824 7279.0 346.0 109711 -0.0179|-0.0441|0.0260|0.1482|0.0052;0.20676466401|0.278908351691|0.300326492195|0.263189672004|0.265314939884 1985.0 39.0 109745 -0.0217|0.0033|0.0592|0.1142|0.0055;0.225068115688|0.299406942796|0.325790963132|0.361175034913|0.365178683485 1086.0 9.0 109714 -0.0055|0.0007|0.0270|-0.0031|-0.0001;0.210878347008|0.221269174067|0.280433676133|0.265385087718|0.269219320944 2025.0 42.0 109747 -0.0115|0.0915|0.0030|0.0601|-0.0042;0.196240607024|0.235467893313|0.25280873637|0.215665914731|0.215326077854 6528.0 400.0 109748 -0.0472|0.0454|0.0872|0.1453|0.0189;0.151557045682|0.186082005402|0.25480398935|0.223040763552|0.225118263059 3935.0 206.0 109749 0.0484|0.0594|-0.0043|0.0915|0.0068;0.175635865152|0.210827661205|0.280285033735|0.284273988774|0.287017378034 7264.0 249.0 109720 0.0433|0.0442|-0.0155|0.0306|0.0010;0.177518494934|0.238869445404|0.283262338605|0.240863437213|0.242993649902 20817.0 1431.0 109721 0.0189|0.0313|0.0248|0.0982|0.0059;0.204511307766|0.249096794771|0.299983511643|0.264269319503|0.268645167845 6036.0 255.0 109722 -0.0058|0.0542|0.0081|0.0913|-0.0023;0.226325237541|0.296165225611|0.34223329209|0.34592206598|0.349939130088 3527.0 43.0 109723 -0.0095|-0.0012|-0.0016|0.0393|-0.0001;0.222609880504|0.297090596362|0.323017376947|0.360017899778|0.363554442289 3119.0 46.0 109726 -0.0053|0.0007|0.0269|-0.0032|-0.0002,109728.0 20000;109697.0 20000;109667.0 20000;109734.0 20000;109735.0 20000;109711.0 20000;109714.0 20000;109742.0 20000;109743.0 20000;109745.0 20000;109746.0 20000;109747.0 20000;109748.0 20000;109749.0 20000;109720.0 20000;109721.0 20000;109722.0 20000;109723.0 20000;109726.0 20000,109728 1059;109697 1073;109667 1094;109734 1007;109735 1038;109746 1051;109743 1063;109742 946;109711 1059;109745 1062;109714 1055;109747 1067;109748 1076;109749 1039;109720 1050;109721 1056;109722 1058;109723 1093;109726 1054
data,1241864400,1355334.0;72080.0;1423763.0;51238.0;1435139.0;76068.0,0.219035297972|0.293850170738|0.31660811941|0.356757863567|0.360354366132 3698.0 79.0 109728 -0.0069|0.0008|0.0257|-0.0029|-0.0001;0.205193694567|0.238497072888|0.282174418638|0.305798406479|0.307146300714 8240.0 134.0 109697 0.0026|0.0494|0.0145|0.0080|0.0050;0.201636108986|0.264076016794|0.305390903899|0.28150412291|0.284012112191 12287.0 217.0 109667 -0.0141|0.0112|0.0123|0.1023|0.0089;0.194692117148|0.278897856651|0.291462687347|0.270316498268|0.273516593319 4689.0 369.0 109734 -0.0051|-0.0070|0.0597|0.0852|0.0001;0.195980400638|0.268676492862|0.312520284939|0.341548108536|0.345234187185 2413.0 34.0 109735 0.0195|-0.0012|-0.0022|0.0054|-0.0002;0.187489748534|0.233386062497|0.262768636304|0.227796977709|0.230044853862 7425.0 355.0 109711 -0.0464|0.0491|0.0449|0.1488|0.0058;0.152211433889|0.217431042181|0.268395192239|0.251453870739|0.256350414091 4652.0 292.0 109746 0.0509|0.0050|0.0000|0.0817|-0.0041;0.140718536321|0.223785381142|0.281623593499|0.253158169179|0.257465101152 7164.0 521.0 109742 0.0582|-0.0165|-0.0119|0.1115|0.0002;0.212361950889|0.288700173256|0.304477229844|0.335140384106|0.338650398561 5725.0 351.0 109743 -0.0190|0.0014|0.0588|0.0050|-0.0003;0.18989644549|0.266170131657|0.285621582849|0.250470036267|0.252905571605 2044.0 41.0 109745 -0.0162|0.0023|0.0612|0.1133|0.0050;0.216427477534|0.290963139446|0.316458380978|0.352509438727|0.356287662034 1116.0 9.0 109714 -0.0049|0.0006|0.0250|-0.0030|-0.0001;0.20425862297|0.214555135974|0.272429591658|0.258796873097|0.262524636999 2059.0 42.0 109747 -0.0118|0.0889|0.0032|0.0567|-0.0038;0.189199883525|0.227434415719|0.242464538082|0.209340220005|0.209068678587 6729.0 416.0 109748 -0.0788|0.0310|0.0825|0.1728|0.0193;0.14996676726|0.184029124469|0.250781770985|0.219073791414|0.220728775534 4005.0 207.0 109749 0.0463|0.0567|-0.0040|0.0896|0.0078;0.172464564803|0.207652558961|0.272536297166|0.276926386057|0.27955825718 7295.0 249.0 109720 0.0422|0.0433|-0.0144|0.0289|0.0009;0.171495799937|0.233150579319|0.271563078233|0.231506044273|0.233654464524 20865.0 1432.0 109721 0.0192|0.0305|0.0314|0.0947|0.0054;0.187684037769|0.230710759935|0.281452589389|0.248855445363|0.253435772596 6086.0 256.0 109722 0.0075|0.0448|0.0053|0.0885|-0.0023;0.219679405134|0.292162775155|0.335623094251|0.340837928204|0.344641805731 3552.0 43.0 109723 -0.0094|-0.0012|-0.0015|0.0392|-0.0001;0.215410023624|0.289425751839|0.314623828485|0.354832066549|0.358221696508 3146.0 46.0 109726 -0.0047|0.0006|0.0248|-0.0029|-0.0002,109728.0 20000;109697.0 20000;109667.0 20000;109734.0 20000;109735.0 20000;109711.0 20000;109714.0 20000;109742.0 20000;109743.0 20000;109745.0 20000;109746.0 20000;109747.0 20000;109748.0 20000;109749.0 20000;109720.0 20000;109721.0 20000;109722.0 20000;109723.0 20000;109726.0 20000,109728 1051;109697 1021;109667 1043;109734 1078;109735 1034;109711 1093;109746 1042;109742 1018;109743 1120;109745 1033;109714 1054;109747 1061;109748 1071;109749 1070;109720 1053;109721 1100;109722 990;109723 1041;109726 1027
data,1241865300,1356457.0;72110.0;1424778.0;51250.0;1436241.0;76099.0,0.204010686659|0.278685521169|0.302691223578|0.345000292104|0.348605337131 3724.0 79.0 109728 -0.0058|0.0007|0.0239|-0.0026|-0.0001;0.193991709514|0.227997796256|0.270867662864|0.296730423666|0.298187253497 8271.0 134.0 109697 0.0022|0.0463|0.0134|0.0081|0.0049;0.193629605337|0.254432852246|0.294560773738|0.271229448276|0.273648424806 12330.0 218.0 109667 -0.0210|0.0070|0.0108|0.1085|0.0084;0.187262625174|0.265692026627|0.275233101118|0.256595646242|0.260039086385 4742.0 371.0 109734 -0.0132|-0.0054|0.0691|0.0806|-0.0001;0.183239127502|0.256810873131|0.300236029305|0.33247957418|0.336074026345 2439.0 34.0 109735 0.0171|-0.0009|-0.0018|0.0059|-0.0001;0.182197036683|0.219001006966|0.247214450283|0.214528997413|0.217088285606 7519.0 362.0 109711 -0.0493|0.0341|0.0399|0.1559|0.0048;0.204030408149|0.277138116847|0.302357948318|0.341857112164|0.345570428368 1142.0 9.0 109714 -0.0048|0.0006|0.0238|-0.0028|-0.0001;0.137507411627|0.219690849966|0.276518708489|0.247856376967|0.252072595468 7213.0 521.0 109742 0.0513|-0.0155|-0.0112|0.1083|0.0000;0.203487185377|0.276853287547|0.289878519534|0.303536640254|0.307374729049 5772.0 353.0 109743 -0.0209|-0.0022|0.0550|0.0509|-0.0005;0.185045163224|0.257049187134|0.275852485634|0.241707132697|0.24418561405 2085.0 41.0 109745 -0.0166|0.0010|0.0582|0.1092|0.0049;0.148324511993|0.203123537215|0.253452725476|0.23683968758|0.241813419895 4697.0 293.0 109746 0.0462|0.0204|0.0010|0.0776|-0.0039;0.197367195742|0.207196496928|0.262571055763|0.251384084654|0.255145104236 2090.0 42.0 109747 -0.0128|0.0837|0.0029|0.0578|-0.0035;0.186720881101|0.224056866314|0.237408904225|0.204971675646|0.204673876583 6956.0 426.0 109748 -0.0753|0.0312|0.0878|0.1604|0.0204;0.143324141066|0.178206893216|0.241842842687|0.211284247237|0.212764535666 4116.0 210.0 109749 0.0424|0.0527|-0.0052|0.0924|0.0090;0.162980949057|0.198439734579|0.259668816775|0.267920331394|0.270295961533 7367.0 250.0 109720 0.0370|0.0405|-0.0125|0.0303|0.0035;0.165415779781|0.225479202255|0.262589778522|0.224565128538|0.226241395116 20981.0 1435.0 109721 0.0128|0.0272|0.0274|0.0988|0.0086;0.180700561376|0.222611827323|0.272734033356|0.241874776935|0.246442620317 6117.0 256.0 109722 0.0046|0.0414|0.0055|0.0877|-0.0021;0.205955025796|0.275900558597|0.318061833789|0.32664454723|0.33044912357 3580.0 43.0 109723 -0.0087|-0.0011|-0.0013|0.0376|-0.0001;0.203831029464|0.278870403201|0.30358855074|0.342815581447|0.346221668773 3172.0 46.0 109726 -0.0043|0.0005|0.0231|-0.0026|-0.0001,109728.0 20000;109697.0 20000;109667.0 20000;109734.0 20000;109735.0 20000;109711.0 20000;109714.0 20000;109742.0 20000;109743.0 20000;109745.0 20000;109746.0 20000;109747.0 20000;109748.0 20000;109749.0 20000;109720.0 20000;109721.0 20000;109722.0 20000;109723.0 20000;109726.0 20000,109728 1026;109697 1016;109667 1007;109734 1011;109735 1061;109711 1093;109714 1067;109742 1059;109743 1066;109745 1002;109746 1085;109747 1055;109748 1058;109749 1067;109720 1074;109721 1068;109722 1104;109723 1037;109726 1044
data,1241866200,1357463.0;72149.0;1425799.0;51282.0;1437335.0;76139.0,0.203651153959|0.275578075555|0.298604534178|0.33769930601|0.34115502739 3752.0 79.0 109728 -0.0056|0.0006|0.0228|-0.0024|-0.0000;0.191033591149|0.225255219219|0.265950125582|0.289397641682|0.290878907353 8303.0 134.0 109697 0.0022|0.0463|0.0128|0.0068|0.0046;0.19151880609|0.252403429595|0.290201120764|0.267892867326|0.270194010148 12368.0 218.0 109667 -0.0187|0.0085|0.0103|0.1018|0.0079;0.184754964584|0.264023921112|0.272832685183|0.255082664128|0.258355986118 4775.0 371.0 109734 -0.0127|-0.0047|0.0666|0.0778|-0.0001;0.180463920613|0.252506474749|0.293300796778|0.324479122739|0.327933251617 2469.0 34.0 109735 0.0167|-0.0008|-0.0016|0.0055|-0.0001;0.179856589759|0.215888092398|0.240016188222|0.209682335685|0.212099837908 7583.0 368.0 109711 -0.0592|0.0363|0.0819|0.1475|0.0039;0.139724801239|0.19987217549|0.251164231424|0.234705051285|0.239599388056 4746.0 295.0 109746 0.0565|0.0174|-0.0040|0.0734|-0.0041;0.136668174539|0.21901375915|0.2735972004|0.245494366577|0.249520919352 7245.0 521.0 109742 0.0515|-0.0140|-0.0115|0.1038|-0.0002;0.199691095618|0.27440352297|0.286992068106|0.298565158621|0.30225020333 5803.0 353.0 109743 -0.0201|-0.0017|0.0533|0.0463|-0.0004;0.181325400404|0.24335641715|0.261354147892|0.228797725102|0.231053148277 2164.0 43.0 109745 -0.0183|0.0215|0.0563|0.1050|0.0063;0.201690826605|0.275524047106|0.299246705573|0.335502576009|0.339051528976 1171.0 9.0 109714 -0.0044|0.0005|0.0223|-0.0026|-0.0001;0.192644994727|0.201989016509|0.255562135801|0.245367778969|0.24907350217 2129.0 44.0 109747 -0.0204|0.1011|0.0041|0.0500|-0.0037;0.179356455999|0.218156467826|0.229146596608|0.198457266803|0.198156969817 7137.0 438.0 109748 -0.0533|0.0283|0.0898|0.1530|0.0199;0.141857355384|0.176998616959|0.237363661908|0.20743437586|0.208838166549 4155.0 210.0 109749 0.0434|0.0523|-0.0048|0.0865|0.0085;0.160389786167|0.196430940356|0.254697874517|0.262492567545|0.264804149712 7399.0 250.0 109720 0.0362|0.0410|-0.0120|0.0281|0.0033;0.152698240295|0.213375067634|0.242448305199|0.209849176765|0.211708710699 21070.0 1440.0 109721 0.0167|0.0221|0.0364|0.1098|0.0076;0.155197542668|0.181368600164|0.234759484667|0.212307642226|0.21741750891 6242.0 266.0 109722 0.0365|0.0808|0.0036|0.0708|-0.0031;0.203411432963|0.273952002008|0.313830888394|0.321965587047|0.325586647205 3608.0 43.0 109723 -0.0079|-0.0008|-0.0012|0.0348|-0.0001;0.200858730598|0.274165959124|0.298327360375|0.33753784858|0.340787754702 3200.0 46.0 109726 -0.0040|0.0005|0.0221|-0.0025|-0.0001,109728.0 20000;109697.0 20000;109667.0 20000;109734.0 20000;109735.0 20000;109711.0 20000;109714.0 20000;109742.0 20000;109743.0 20000;109745.0 20000;109746.0 20000;109747.0 20000;109748.0 20000;109749.0 20000;109720.0 20000;109721.0 20000;109722.0 20000;109723.0 20000;109726.0 20000,109728 1039;109697 1081;109667 1034;109734 1091;109735 1098;109711 1103;109746 1070;109742 1099;109743 1003;109745 1085;109714 973;109747 1068;109748 1067;109749 1000;109720 979;109721 1108;109722 1083;109723 1001;109726 1018
data,1241867100,1358533.0;72185.0;1426873.0;51315.0;1438410.0;76175.0,0.199199146136|0.26921981822|0.29310188999|0.313986236858|0.317574755088 3786.0 80.0 109728 -0.0122|-0.0011|0.0208|0.0348|-0.0001;0.188298293769|0.222165290753|0.262247304389|0.287298012692|0.288546259869 8363.0 135.0 109697 0.0022|0.0443|0.0123|0.0072|0.0062;0.190451954388|0.249213399466|0.285735836456|0.263941272552|0.26620827206 12394.0 218.0 109667 -0.0181|0.0079|0.0100|0.1001|0.0076;0.182304822095|0.25683232688|0.265338278347|0.248690540873|0.251917662799 4805.0 371.0 109734 -0.0119|-0.0047|0.0645|0.0757|0.0000;0.172118868389|0.242007097181|0.283295203028|0.278278323195|0.281973480108 2565.0 40.0 109735 -0.0074|-0.0125|-0.0089|0.1074|0.0004;0.178988348157|0.214997263135|0.233580842749|0.203817157405|0.206127712379 7671.0 369.0 109711 -0.0531|0.0338|0.0568|0.1476|0.0056;0.195012621441|0.268715630387|0.287331582263|0.326520167552|0.33004375183 1206.0 10.0 109714 -0.0082|0.0010|0.0359|-0.0045|-0.0001;0.136133138162|0.214911444845|0.267603489761|0.239840016818|0.243787579262 7273.0 521.0 109742 0.0521|-0.0156|-0.0123|0.1023|-0.0003;0.196390411521|0.270445930854|0.281097445562|0.292549573492|0.296182609489 5837.0 354.0 109743 -0.0224|-0.0014|0.0587|0.0437|-0.0004;0.180577324229|0.22995255416|0.247817333554|0.215725108607|0.218084946176 2207.0 44.0 109745 -0.0205|0.0303|0.0543|0.1046|0.0061;0.123754572873|0.187647769803|0.241769175776|0.224397271172|0.229516439109 4863.0 303.0 109746 0.0638|0.0091|-0.0113|0.0916|-0.0050;0.191524113133|0.199672448023|0.250737012941|0.241675113835|0.245330622978 2159.0 44.0 109747 -0.0150|0.0904|0.0036|0.0489|-0.0033;0.174318947828|0.212803781384|0.222660761255|0.191926221505|0.191664670926 7296.0 447.0 109748 -0.0615|0.0337|0.0944|0.1505|0.0193;0.136857963968|0.172973140976|0.231795013105|0.203502749049|0.204828941802 4201.0 211.0 109749 0.0504|0.0488|-0.0067|0.0830|0.0078;0.158879136648|0.193654662861|0.249796479788|0.258574728739|0.260828743343 7426.0 250.0 109720 0.0361|0.0389|-0.0118|0.0281|0.0032;0.150127820976|0.208324759737|0.237509467362|0.207003181973|0.208758149236 21135.0 1442.0 109721 0.0153|0.0230|0.0339|0.1081|0.0079;0.133816730056|0.159921153854|0.216542408198|0.199720967778|0.204959430414 6346.0 270.0 109722 0.0453|0.0694|0.0035|0.0700|-0.0036;0.198492673496|0.26696568581|0.306544925144|0.315858065574|0.319362949105 3632.0 43.0 109723 -0.0074|-0.0008|-0.0011|0.0337|-0.0001;0.195196998179|0.267981034712|0.291158704758|0.330812282917|0.334004261557 3224.0 46.0 109726 -0.0040|0.0004|0.0211|-0.0022|-0.0001,109728.0 20000;109697.0 20000;109667.0 20000;109734.0 20000;109735.0 20000;109711.0 20000;109714.0 20000;109742.0 20000;109743.0 20000;109745.0 20000;109746.0 20000;109747.0 20000;109748.0 20000;109749.0 20000;109720.0 20000;109721.0 20000;109722.0 20000;109723.0 20000;109726.0 20000,109728 1030;109697 1063;109667 999;109734 1047;109735 1067;109711 985;109714 1040;109742 1082;109743 1052;109745 1042;109746 1142;109747 1058;109748 1095;109749 1052;109720 1057;109721 1071;109722 1025;109723 1076;109726 1017
data,1241867700,1359545.0;72218.0;1427952.0;51344.0;1439504.0;76211.0,0.194071326356|0.246261894117|0.271271882408|0.288904218052|0.292662928536 3829.0 81.0 109728 -0.0147|0.0247|0.0199|0.0325|-0.0001;0.176721610924|0.212103178649|0.251159079192|0.278102723738|0.279385834628 8419.0 136.0 109697 0.0129|0.0405|0.0115|0.0033|0.0067;0.186342424314|0.244182136557|0.279660555455|0.25819526624|0.260416316203 12430.0 218.0 109667 -0.0176|0.0069|0.0099|0.0966|0.0073;0.179144729465|0.25344621299|0.261598915573|0.24538182746|0.248517100589 4838.0 371.0 109734 -0.0111|-0.0045|0.0620|0.0731|0.0001;0.16881142638|0.239145449068|0.280305595001|0.272247076548|0.275842651444 2614.0 42.0 109735 -0.0101|-0.0146|-0.0097|0.1070|0.0003;0.163728134923|0.204656277089|0.212577587831|0.183269733887|0.183242414381 7525.0 463.0 109748 -0.0597|0.0301|0.0957|0.1492|0.0179;0.11939274027|0.18171964327|0.229907153842|0.212604660681|0.218042736676 4933.0 306.0 109746 0.0613|0.0164|-0.0001|0.0857|-0.0050;0.131386108023|0.209690443506|0.262659093912|0.236656715695|0.240544338193 7324.0 523.0 109742 0.0527|-0.0181|-0.0132|0.1026|-0.0006;0.177392179611|0.213126147907|0.231559632955|0.201959735373|0.204197869307 7716.0 370.0 109711 -0.0542|0.0315|0.0551|0.1474|0.0051;0.176783671964|0.225284986194|0.242461857726|0.211521414809|0.213851992263 2247.0 44.0 109745 -0.0190|0.0286|0.0531|0.0998|0.0059;0.188929005583|0.26012814108|0.278641693815|0.317838654016|0.321308561861 1234.0 10.0 109714 -0.0079|0.0009|0.0346|-0.0044|-0.0001;0.1867563128|0.194237248826|0.244853098973|0.236492648802|0.240077994637 2196.0 45.0 109747 -0.0179|0.0875|0.0028|0.0576|-0.0032;0.191994165784|0.243296834912|0.283857463299|0.295261679717|0.298860815803 3671.0 44.0 109723 -0.0098|0.0244|-0.0007|0.0314|-0.0001;0.132484225096|0.168896310759|0.227764510765|0.200854780811|0.202140281095 4246.0 211.0 109749 0.0454|0.0477|-0.0052|0.0821|0.0075;0.154364771502|0.187820358811|0.244203823131|0.247688647554|0.24994883226 7464.0 251.0 109720 0.0302|0.0396|-0.0125|0.0433|0.0030;0.148017196931|0.204544146831|0.233654220885|0.203485622066|0.205188480368 21178.0 1442.0 109721 0.0142|0.0229|0.0332|0.1034|0.0076;0.129381323961|0.153469188895|0.210319841743|0.193390473755|0.198592650958 6415.0 273.0 109722 0.0418|0.0728|0.0026|0.0720|-0.0040;0.193527124017|0.262536763685|0.271889475647|0.283859881512|0.28746557506 5872.0 355.0 109743 -0.0257|-0.0008|0.0652|0.0410|-0.0005;0.188670133695|0.261373026689|0.284503892413|0.32455582759|0.327675575511 3250.0 46.0 109726 -0.0037|0.0004|0.0203|-0.0021|-0.0001,109728.0 20000;109697.0 20000;109667.0 20000;109734.0 20000;109735.0 20000;109711.0 20000;109714.0 20000;109742.0 20000;109743.0 20000;109745.0 20000;109746.0 20000;109747.0 20000;109748.0 20000;109749.0 20000;109720.0 20000;109721.0 20000;109722.0 20000;109723.0 20000;109726.0 20000,109728 1062;109697 1012;109667 1037;109734 1069;109735 1048;109748 1072;109746 1064;109742 1048;109711 1078;109745 1028;109714 1014;109747 1119;109723 1031;109749 1015;109720 1102;109721 1064;109722 1011;109743 1062;109726 1064
data,1241868600,1360570.0;72271.0;1428967.0;51367.0;1440521.0;76250.0,0.190865080443|0.230427533314|0.257216316801|0.274981214705|0.27869355454 3864.0 82.0 109728 -0.0169|0.0407|0.0205|0.0289|-0.0002;0.166695538136|0.205328883896|0.244026432288|0.274646733029|0.275905472552 8451.0 136.0 109697 0.0107|0.0405|0.0112|0.0040|0.0065;0.186706865566|0.238251664657|0.279654937118|0.291655362359|0.295159880709 3693.0 44.0 109723 -0.0093|0.0237|-0.0007|0.0305|-0.0001;0.17562077548|0.24771623413|0.255921758069|0.240577483719|0.243674051601 4863.0 371.0 109734 -0.0123|-0.0042|0.0620|0.0722|0.0001;0.167756590797|0.238325742866|0.279746719821|0.271556670724|0.274991039991 2635.0 42.0 109735 -0.0102|-0.0143|-0.0095|0.1053|0.0002;0.182893134574|0.240064803672|0.276108342097|0.255250865511|0.257405771252 12457.0 218.0 109667 -0.0172|0.0064|0.0101|0.0950|0.0070;0.184083379433|0.254387334737|0.273045272034|0.298877513487|0.302441278444 1265.0 11.0 109714 -0.0104|0.0005|0.0347|0.0240|-0.0001;0.117148968425|0.195149991984|0.249295040773|0.225972166434|0.230178524352 7458.0 533.0 109742 0.0471|-0.0153|-0.0172|0.1222|-0.0014;0.172064249298|0.208917049705|0.227440289536|0.197992910394|0.200330638831 7757.0 371.0 109711 -0.0465|0.0300|0.0558|0.1420|0.0049;0.174180227269|0.222777985544|0.240027856665|0.209381605777|0.21166447436 2275.0 44.0 109745 -0.0198|0.0281|0.0533|0.0987|0.0056;0.117580968272|0.17744653157|0.224540448967|0.207863812862|0.213218189657 4973.0 306.0 109746 0.0588|0.0139|-0.0005|0.0847|-0.0048;0.181658524067|0.189697672253|0.241724245127|0.233660126202|0.237189496039 2224.0 45.0 109747 -0.0178|0.0846|0.0029|0.0564|-0.0030;0.159091824039|0.199757446593|0.20442288308|0.178646892724|0.178744608415 7802.0 497.0 109748 -0.0851|0.0306|0.1162|0.1540|0.0174;0.130641798162|0.166828956625|0.223456965682|0.197497025647|0.1986396477 4320.0 212.0 109749 0.0437|0.0465|-0.0050|0.0803|0.0084;0.151447637081|0.184228718407|0.23947686083|0.243579129803|0.245815577981 7496.0 251.0 109720 0.0293|0.0382|-0.0120|0.0421|0.0029;0.143110476402|0.199490260474|0.228892478204|0.199426913007|0.201087246563 21241.0 1444.0 109721 0.0166|0.0202|0.0313|0.1053|0.0076;0.127382159979|0.147052477078|0.202858199847|0.187584800909|0.192685702986 6479.0 276.0 109722 0.0361|0.0853|0.0042|0.0661|-0.0044;0.18873141814|0.257498613188|0.265765788279|0.278783770959|0.282331321831 5901.0 355.0 109743 -0.0260|-0.0007|0.0623|0.0407|-0.0004;0.18406608151|0.25409267153|0.278166091178|0.318627694846|0.321692383957 3272.0 46.0 109726 -0.0036|0.0004|0.0202|-0.0020|-0.0001,109728.0 20000;109697.0 20000;109667.0 20000;109734.0 20000;109735.0 20000;109711.0 20000;109714.0 20000;109742.0 20000;109743.0 20000;109745.0 20000;109746.0 20000;109747.0 20000;109748.0 20000;109749.0 20000;109720.0 20000;109721.0 20000;109722.0 20000;109723.0 20000;109726.0 20000,109728 985;109697 1043;109723 1067;109734 1043;109735 1037;109667 1040;109714 1123;109742 1060;109711 1050;109745 1039;109746 1025;109747 1059;109748 1079;109749 1068;109720 1058;109721 1066;109722 1019;109743 1092;109726 1047
data,1241869200,1361626.0;72302.0;1429997.0;51396.0;1441621.0;76283.0,0.184979871772|0.224327970976|0.252462502439|0.269476325864|0.273114544206 3892.0 82.0 109728 -0.0162|0.0390|0.0205|0.0276|-0.0002;0.163865954031|0.201726035647|0.240356234669|0.269139243148|0.270394459592 8482.0 136.0 109697 0.0107|0.0386|0.0111|0.0037|0.0062;0.167271349993|0.226795495111|0.263933360073|0.244954398657|0.247220693126 12508.0 219.0 109667 -0.0054|0.0067|0.0092|0.0894|0.0067;0.170698542412|0.242541880255|0.250547418477|0.236795969679|0.239829029772 4895.0 371.0 109734 -0.0122|-0.0032|0.0625|0.0674|0.0001;0.165287605447|0.21758436925|0.262230661665|0.254071341261|0.257627237091 2678.0 43.0 109735 -0.0132|0.0080|-0.0080|0.0983|0.0002;0.179099919742|0.248998693677|0.26760431679|0.291672064841|0.295163200587 1294.0 11.0 109714 -0.0101|0.0005|0.0342|0.0223|-0.0001;0.112925021551|0.183398598286|0.239569940956|0.216889176375|0.221173255393 7541.0 536.0 109742 0.0483|-0.0095|-0.0162|0.1137|-0.0014;0.165021364054|0.203084175983|0.220188083804|0.191112756225|0.193645805415 7828.0 374.0 109711 -0.0387|0.0282|0.0618|0.1351|0.0047;0.182442937165|0.232576001596|0.273998492809|0.286502217793|0.289922337437 3719.0 44.0 109723 -0.0085|0.0225|-0.0006|0.0288|-0.0001;0.170898119481|0.217785118151|0.234429866228|0.20595865472|0.208189561886 2313.0 44.0 109745 -0.0177|0.0281|0.0534|0.0920|0.0055;0.114897950957|0.17372463214|0.22157283311|0.204404063865|0.209659797402 5028.0 307.0 109746 0.0571|0.0119|0.0009|0.0813|-0.0047;0.17802900307|0.186136709809|0.237885237847|0.23030637011|0.23376998149 2257.0 46.0 109747 -0.0199|0.0918|0.0036|0.0502|-0.0029;0.157048850489|0.196810938377|0.20094999061|0.175981990325|0.176111524938 7987.0 507.0 109748 -0.0888|0.0295|0.1058|0.1556|0.0175;0.122418166636|0.159193512425|0.218000732977|0.194065418757|0.195332925237 4389.0 214.0 109749 0.0476|0.0440|-0.0063|0.0766|0.0080;0.147334318229|0.179940766051|0.235279628935|0.239698617265|0.241930858225 7527.0 251.0 109720 0.0288|0.0367|-0.0116|0.0398|0.0028;0.133073192414|0.191066684703|0.207962057725|0.181824611368|0.183846309461 21381.0 1452.0 109721 0.0172|0.0210|0.0580|0.0973|0.0070;0.125296853991|0.142101733593|0.19895678462|0.184815862917|0.189825088615 6524.0 276.0 109722 0.0338|0.0778|0.0049|0.0649|-0.0044;0.185494911256|0.251814829914|0.258656127888|0.271730216838|0.275235241772 5939.0 356.0 109743 -0.0287|-0.0001|0.0668|0.0373|-0.0004;0.177459486107|0.245799857717|0.270865706947|0.310057402706|0.313080839344 3300.0 46.0 109726 -0.0036|0.0004|0.0202|-0.0020|-0.0001,109728.0 20000;109697.0 20000;109667.0 20000;109734.0 20000;109735.0 20000;109711.0 20000;109714.0 20000;109742.0 20000;109743.0 20000;109745.0 20000;109746.0 20000;109747.0 20000;109748.0 20000;109749.0 20000;109720.0 20000;109721.0 20000;109722.0 20000;109723.0 20000;109726.0 20000,109728 1077;109697 999;109667 1034;109734 1109;109735 1044;109714 1082;109742 1103;109711 1042;109723 1019;109745 1061;109746 1022;109747 1108;109748 1037;109749 1030;109720 1013;109721 1051;109722 1104;109743 1005;109726 1060
data,1241869800,1362673.0;72340.0;1431103.0;51438.0;1442672.0;76325.0,0.167617010005|0.207840080733|0.236678741321|0.237211238406|0.241265434274 3970.0 86.0 109728 -0.0049|0.0336|0.0167|0.0619|-0.0001;0.161531632572|0.198046344705|0.233948405999|0.26397594959|0.26523652041 8508.0 136.0 109697 0.0106|0.0367|0.0102|0.0040|0.0060;0.16513153656|0.222108287522|0.256988397805|0.238976290448|0.24123200631 12536.0 219.0 109667 -0.0050|0.0063|0.0084|0.0869|0.0065;0.182823237746|0.248088611825|0.254183278714|0.260213205025|0.26343203962 6024.0 359.0 109743 -0.0323|-0.0031|0.0623|0.0599|0.0018;0.166626981395|0.235458951393|0.241933081357|0.230525852621|0.23361395518 4934.0 372.0 109734 -0.0128|-0.0027|0.0626|0.0650|0.0001;0.164643219|0.215637899736|0.258039823733|0.249523508953|0.253047029449 2701.0 43.0 109735 -0.0127|0.0069|-0.0075|0.0957|0.0002;0.176314571403|0.241634126307|0.259571275493|0.284593235839|0.288089726686 1316.0 11.0 109714 -0.0095|0.0005|0.0321|0.0217|-0.0001;0.10652497365|0.178960467373|0.228540826689|0.205575618517|0.210145718269 7663.0 544.0 109742 0.0609|-0.0148|-0.0080|0.1087|-0.0022;0.161936476029|0.199837474628|0.215735284479|0.18710158356|0.189699430703 7876.0 374.0 109711 -0.0388|0.0275|0.0572|0.1314|0.0047;0.150764490393|0.202136917108|0.219355822244|0.194347763862|0.196803634214 2379.0 46.0 109745 0.0020|0.0243|0.0509|0.0858|0.0052;0.112826625881|0.169254663465|0.215191004512|0.199006385968|0.20423522078 5073.0 309.0 109746 0.0546|0.0104|0.0014|0.0878|-0.0047;0.170793135954|0.176028530601|0.226094659897|0.221362092867|0.225070374307 2311.0 48.0 109747 -0.0148|0.0858|0.0026|0.0513|-0.0028;0.155605170585|0.193719129796|0.197538259924|0.173260325811|0.173389899528 8177.0 517.0 109748 -0.0855|0.0255|0.1054|0.1482|0.0179;0.120599344975|0.155561483719|0.213514753358|0.191100771622|0.192342527139 4439.0 214.0 109749 0.0455|0.0414|-0.0057|0.0755|0.0076;0.143852259182|0.175849767079|0.229214771135|0.235015583799|0.237259195404 7555.0 251.0 109720 0.0274|0.0350|-0.0108|0.0397|0.0028;0.132536059027|0.187661229172|0.203748146096|0.177945603121|0.17993348779 21425.0 1452.0 109721 0.0169|0.0201|0.0547|0.0944|0.0068;0.123106915062|0.137786554853|0.193134167476|0.178900779885|0.183944617221 6579.0 282.0 109722 0.0108|0.0717|0.0026|0.1199|-0.0051;0.177412710874|0.226764625459|0.265520442146|0.279427197464|0.282866003799 3741.0 44.0 109723 -0.0081|0.0214|-0.0006|0.0281|-0.0001;0.17442881895|0.240498060225|0.263492968059|0.30341850783|0.306439272147 3322.0 46.0 109726 -0.0033|0.0003|0.0184|-0.0017|-0.0001,109728.0 20000;109697.0 20000;109667.0 20000;109734.0 20000;109735.0 20000;109711.0 20000;109714.0 20000;109742.0 20000;109743.0 20000;109745.0 20000;109746.0 20000;109747.0 20000;109748.0 20000;109749.0 20000;109720.0 20000;109721.0 20000;109722.0 20000;109723.0 20000;109726.0 20000,109728 1020;109697 1016;109667 1071;109743 1043;109734 1144;109735 1076;109714 1050;109742 1011;109711 1062;109745 1059;109746 1037;109747 1115;109748 1033;109749 1044;109720 1031;109721 1049;109722 1084;109723 998;109726 1057
data,1241870400,1363692.0;72375.0;1432171.0;51462.0;1443683.0;76369.0,0.161474309439|0.201953137835|0.231974011753|0.232795814592|0.236857592169 3991.0 86.0 109728 -0.0066|0.0329|0.0165|0.0620|-0.0001;0.157946438846|0.19347330572|0.228634825376|0.259784955877|0.26108356118 8530.0 136.0 109697 0.0103|0.0347|0.0098|0.0044|0.0059;0.16245457584|0.217761665066|0.252444477489|0.235222445279|0.237509350677 12562.0 220.0 109667 -0.0086|0.0043|0.0071|0.0924|0.0063;0.164496092448|0.231083871864|0.237215599054|0.226849833671|0.22993596907 4956.0 372.0 109734 -0.0122|-0.0028|0.0604|0.0646|0.0002;0.162938946497|0.212799222827|0.253840943307|0.24538105608|0.248911701383 2718.0 43.0 109735 -0.0130|0.0062|-0.0070|0.0943|0.0002;0.109886971831|0.165972950568|0.210174442961|0.193547490134|0.198877794349 5134.0 313.0 109746 0.0512|0.0061|0.0005|0.0993|-0.0048;0.180831106513|0.243690087682|0.249585269147|0.255921893624|0.259130797178 6046.0 359.0 109743 -0.0311|-0.0031|0.0595|0.0593|0.0017;0.101229413583|0.175180716409|0.225010905518|0.202421993613|0.206845900088 7755.0 547.0 109742 0.0576|-0.0157|-0.0098|0.1089|-0.0010;0.157536758692|0.19655361721|0.208830964852|0.180387786406|0.183172849419 7951.0 378.0 109711 -0.0390|0.0281|0.0638|0.1289|0.0046;0.1486401928|0.199378864419|0.216219353431|0.191780593719|0.193921961149 2474.0 48.0 109745 0.0005|0.0234|0.0492|0.0863|0.0076;0.171758696516|0.236922331194|0.253953424941|0.279815022276|0.283301348829 1336.0 11.0 109714 -0.0091|0.0005|0.0303|0.0213|-0.0001;0.165238547961|0.170380606224|0.220149975202|0.216949455217|0.220691262907 2338.0 48.0 109747 -0.0153|0.0830|0.0026|0.0508|-0.0027;0.154798043635|0.192540026776|0.196313992353|0.172532981742|0.172621243122 8306.0 524.0 109748 -0.0826|0.0275|0.1059|0.1422|0.0173;0.118296787932|0.152564793503|0.207397809199|0.186942717278|0.18823837602 4469.0 214.0 109749 0.0435|0.0401|-0.0056|0.0751|0.0076;0.140651885443|0.172818141922|0.224802899662|0.231594691441|0.23386224505 7574.0 251.0 109720 0.0263|0.0341|-0.0101|0.0393|0.0028;0.127441885348|0.176399166737|0.19215163102|0.168203880913|0.170385690628 21491.0 1455.0 109721 0.0203|0.0274|0.0527|0.0931|0.0065;0.119013534111|0.131995329909|0.181365241913|0.164715782967|0.170254021773 6704.0 288.0 109722 0.0138|0.0691|0.0112|0.1026|-0.0051;0.173775726827|0.222024874067|0.259885655628|0.274883325725|0.277966528303 3800.0 45.0 109723 -0.0076|0.0205|-0.0006|0.0272|0.0020;0.141847468394|0.193969437406|0.224848586899|0.25857228874|0.262154504407 3413.0 50.0 109726 0.0270|0.0193|0.0139|0.0072|-0.0003,109728.0 20000;109697.0 20000;109667.0 20000;109734.0 20000;109735.0 20000;109711.0 20000;109714.0 20000;109742.0 20000;109743.0 20000;109745.0 20000;109746.0 20000;109747.0 20000;109748.0 20000;109749.0 20000;109720.0 20000;109721.0 20000;109722.0 20000;109723.0 20000;109726.0 20000,109728 1038;109697 993;109667 996;109734 1031;109735 1060;109746 1024;109743 1084;109742 1022;109711 1032;109745 1041;109714 1055;109747 1099;109748 1077;109749 1093;109720 1075;109721 1030;109722 1096;109723 1111;109726 1043
data,1241871000,1364740.0;72414.0;1433210.0;51487.0;1444703.0;76418.0,0.158650874389|0.19739655847|0.227195523158|0.227395209757|0.231524767545 4012.0 86.0 109728 -0.0060|0.0314|0.0165|0.0569|-0.0001;0.151896187861|0.18664691443|0.222202097257|0.251808363637|0.253187482928 8552.0 136.0 109697 0.0094|0.0330|0.0096|0.0042|0.0059;0.158162598752|0.21120205078|0.245633414843|0.229697155001|0.232036791717 12587.0 220.0 109667 -0.0068|0.0045|0.0074|0.0856|0.0063;0.160102728995|0.22340227438|0.229090339368|0.220385775128|0.223617504962 4980.0 373.0 109734 -0.0151|-0.0032|0.0595|0.0709|0.0002;0.159705525215|0.208487418128|0.249625722802|0.240872391113|0.244463442776 2738.0 43.0 109735 -0.0125|0.0058|-0.0063|0.0885|0.0002;0.153226958722|0.189820027319|0.192677600429|0.169839978692|0.169970053849 8559.0 547.0 109748 -0.0899|0.0274|0.1142|0.1370|0.0181;0.105357638058|0.158995591759|0.203030107706|0.186762408285|0.192324800822 5219.0 316.0 109746 0.0495|0.0077|0.0013|0.0935|-0.0046;0.0960010902761|0.170625407822|0.218702285045|0.197290451835|0.201810989964 7871.0 553.0 109742 0.0651|-0.0181|-0.0093|0.1013|-0.0014;0.175390351946|0.237007706339|0.242642067191|0.249185954092|0.252485535205 6064.0 359.0 109743 -0.0308|-0.0026|0.0596|0.0549|0.0017;0.144840213306|0.193773842291|0.210454751165|0.187412327072|0.189286797473 2576.0 50.0 109745 0.0000|0.0225|0.0486|0.0818|0.0096;0.166412982581|0.229325480446|0.246998999758|0.271555947924|0.275062295937 1353.0 11.0 109714 -0.0087|0.0006|0.0303|0.0192|-0.0001;0.159790583537|0.163823380859|0.213299977526|0.211951332203|0.215788486426 2382.0 50.0 109747 -0.0187|0.0881|0.0036|0.0431|-0.0029;0.168228597489|0.215557385459|0.25389924967|0.268764956314|0.271907701083 3816.0 45.0 109723 -0.0070|0.0198|-0.0005|0.0252|0.0020;0.115119789103|0.146712597933|0.20129530482|0.18306320572|0.184428893902 4514.0 214.0 109749 0.0426|0.0374|-0.0045|0.0701|0.0075;0.136095898772|0.166775772662|0.217051322236|0.224552680691|0.226928455295 7600.0 251.0 109720 0.0258|0.0320|-0.0095|0.0362|0.0028;0.125800851624|0.171742534153|0.187226130125|0.163922266574|0.166216415179 21532.0 1455.0 109721 0.0191|0.0265|0.0512|0.0877|0.0066;0.118281524737|0.131224583437|0.18014712328|0.16264867631|0.168231360893 6739.0 288.0 109722 0.0152|0.0661|0.0116|0.0956|-0.0051;0.154602004033|0.191963099422|0.203831430787|0.176196998888|0.178706863538 8068.0 380.0 109711 -0.0386|0.0270|0.0642|0.1217|0.0073;0.137223890367|0.187319421996|0.218286361878|0.250343299094|0.2540320903 3434.0 50.0 109726 0.0250|0.0181|0.0135|0.0068|-0.0003,109728.0 20000;109697.0 20000;109667.0 20000;109734.0 20000;109735.0 20000;109711.0 20000;109714.0 20000;109742.0 20000;109743.0 20000;109745.0 20000;109746.0 20000;109747.0 20000;109748.0 20000;109749.0 20000;109720.0 20000;109721.0 20000;109722.0 20000;109723.0 20000;109726.0 20000,109728 1034;109697 1046;109667 1057;109734 1102;109735 1015;109748 1050;109746 1014;109742 1080;109743 1069;109745 1065;109714 1050;109747 1065;109723 1106;109749 1041;109720 1081;109721 1003;109722 1069;109711 1013;109726 1040
data,1241871600,1365812.0;72456.0;1434215.0;51513.0;1445724.0;76463.0,0.153412151617|0.191821597275|0.223025128256|0.223221743064|0.227300272568 4040.0 86.0 109728 -0.0067|0.0304|0.0167|0.0552|-0.0001;0.147614463128|0.182371356108|0.217980616566|0.248515675692|0.249931664829 8579.0 136.0 109697 0.0087|0.0323|0.0094|0.0044|0.0057;0.153503074709|0.206541745871|0.2412934053|0.226313740587|0.228668464828 12639.0 223.0 109667 -0.0160|0.0021|0.0053|0.1001|0.0060;0.156619177164|0.220137651281|0.225918966184|0.217815339163|0.220978276318 5006.0 373.0 109734 -0.0146|-0.0026|0.0599|0.0669|0.0002;0.156634718191|0.205250652973|0.245640160283|0.236786499872|0.240327985018 2768.0 43.0 109735 -0.0133|0.0057|-0.0056|0.0864|0.0002;0.103064544795|0.155830187251|0.199379419532|0.182542442811|0.188154862601 5294.0 319.0 109746 0.0440|0.0063|0.0031|0.0963|-0.0044;0.0918484379999|0.166020236648|0.211622005549|0.190996462533|0.195528316038 8000.0 557.0 109742 0.0590|-0.0161|-0.0034|0.0988|-0.0001;0.172164483425|0.232198746563|0.237427177426|0.244505523805|0.247775113664 6090.0 359.0 109743 -0.0312|-0.0024|0.0596|0.0534|0.0017;0.161933228241|0.208200608677|0.247916641313|0.264182271562|0.267304443919 3840.0 45.0 109723 -0.0067|0.0188|-0.0005|0.0246|0.0019;0.141623312866|0.188674556701|0.205325243163|0.183522989821|0.185267185837 2618.0 50.0 109745 -0.0013|0.0214|0.0482|0.0802|0.0093;0.160966228468|0.224320481368|0.242506201317|0.267605081293|0.271066175083 1375.0 11.0 109714 -0.0086|0.0006|0.0303|0.0188|-0.0001;0.154881063724|0.158262068871|0.209499076693|0.209782806015|0.213581663141 2415.0 50.0 109747 -0.0192|0.0830|0.0035|0.0448|-0.0028;0.150752408482|0.1809135806|0.182629993023|0.160837858332|0.161107036124 8840.0 573.0 109748 -0.0991|0.0483|0.1137|0.1395|0.0170;0.112365352592|0.143651088103|0.197005519788|0.180190215413|0.18157359868 4557.0 214.0 109749 0.0396|0.0364|-0.0038|0.0699|0.0074;0.132237388573|0.163460455371|0.214271902166|0.22236887512|0.224730712429 7627.0 251.0 109720 0.0242|0.0317|-0.0090|0.0355|0.0027;0.120800968804|0.166650074538|0.182380516127|0.160266624611|0.162629021769 21592.0 1456.0 109721 0.0201|0.0251|0.0511|0.0848|0.0064;0.116855640268|0.127303752314|0.175569498679|0.158428042977|0.164161526446 6805.0 291.0 109722 0.0097|0.0698|0.0121|0.0947|-0.0052;0.151834887744|0.189548355278|0.201260520951|0.174692993291|0.177184798696 8119.0 382.0 109711 -0.0421|0.0271|0.0643|0.1218|0.0070;0.133953263529|0.182470623197|0.213074422792|0.244877268115|0.248542342336 3464.0 50.0 109726 0.0235|0.0172|0.0130|0.0068|-0.0003,109728.0 20000;109697.0 20000;109667.0 20000;109734.0 20000;109735.0 20000;109711.0 20000;109714.0 20000;109742.0 20000;109743.0 20000;109745.0 20000;109746.0 20000;109747.0 20000;109748.0 20000;109749.0 20000;109720.0 20000;109721.0 20000;109722.0 20000;109723.0 20000;109726.0 20000,109728 1069;109697 1041;109667 1024;109734 1042;109735 1048;109746 1051;109742 1032;109743 1089;109723 1086;109745 1047;109714 999;109747 1072;109748 1067;109749 1067;109720 1087;109721 1050;109722 1021;109711 1029;109726 1079
data,1241871900,1366839.0;72507.0;1435284.0;51559.0;1446820.0;76514.0,0.15150959354|0.189761336134|0.220899353163|0.221013891143|0.225065260106 4056.0 86.0 109728 -0.0066|0.0299|0.0167|0.0536|-0.0001;0.142526467262|0.178173400957|0.214651428418|0.244937798477|0.246389023708 8600.0 136.0 109697 0.0077|0.0320|0.0094|0.0043|0.0056;0.15185153815|0.203574608723|0.238603123158|0.22423018111|0.226599189552 12667.0 224.0 109667 -0.0155|0.0019|0.0049|0.0976|0.0059;0.15262861337|0.215494278653|0.221355533544|0.213900380067|0.217089280173 5029.0 373.0 109734 -0.0149|-0.0022|0.0596|0.0643|0.0002;0.156598488253|0.220196198124|0.238224337277|0.263093506507|0.266565936002 1393.0 11.0 109714 -0.0086|0.0007|0.0299|0.0180|-0.0001;0.154606825441|0.202312421778|0.24331553354|0.234488839244|0.238002010972 2784.0 43.0 109735 -0.0133|0.0054|-0.0053|0.0844|0.0002;0.168923040694|0.230109249685|0.235082904599|0.242000366054|0.245268923906 6107.0 359.0 109743 -0.0314|-0.0022|0.0590|0.0519|0.0016;0.0863248208044|0.156420733038|0.201208858014|0.181119501972|0.185887630096 8187.0 570.0 109742 0.0580|-0.0020|0.0009|0.1012|-0.0006;0.150277120698|0.187163035918|0.198344498614|0.1731775626|0.175666004583 8164.0 384.0 109711 -0.0433|0.0254|0.0634|0.1209|0.0069;0.139875802238|0.187488814822|0.203979001258|0.182569681199|0.184291323128 2639.0 50.0 109745 -0.0019|0.0220|0.0483|0.0781|0.0092;0.101670237371|0.154736052597|0.197813763463|0.181232262034|0.186741142909 5330.0 320.0 109746 0.0417|0.0058|0.0028|0.0974|-0.0043;0.151711081597|0.154356939589|0.205750073799|0.207029814383|0.210882931157 2448.0 52.0 109747 -0.0225|0.0893|0.0043|0.0392|-0.0028;0.149242755831|0.177606195824|0.178883837552|0.15771748409|0.158010167746 9083.0 594.0 109748 -0.0998|0.0390|0.1157|0.1365|0.0172;0.110894120828|0.142179203555|0.195222292017|0.179040196385|0.180169023261 4690.0 217.0 109749 0.0382|0.0362|-0.0033|0.0682|0.0100;0.128828345922|0.161194447607|0.212322960303|0.220608591352|0.222979911703 7646.0 251.0 109720 0.0229|0.0317|-0.0086|0.0349|0.0027;0.114530750552|0.149237588953|0.165706934201|0.147051815466|0.149837663605 21680.0 1461.0 109721 0.0235|0.0458|0.0525|0.0766|0.0061;0.115878367431|0.12674139836|0.166989776517|0.149565767432|0.155506815402 6852.0 294.0 109722 0.0126|0.0691|0.0286|0.0914|-0.0053;0.156521982846|0.203686768992|0.243874651558|0.260343486204|0.263463612666 3858.0 45.0 109723 -0.0064|0.0188|-0.0004|0.0235|0.0019;0.130015281161|0.179448318844|0.211157012652|0.242390678665|0.246023573422 3482.0 50.0 109726 0.0220|0.0171|0.0133|0.0068|-0.0002,109728.0 20000;109697.0 20000;109667.0 20000;109734.0 20000;109735.0 20000;109711.0 20000;109714.0 20000;109742.0 20000;109743.0 20000;109745.0 20000;109746.0 20000;109747.0 20000;109748.0 20000;109749.0 20000;109720.0 20000;109721.0 20000;109722.0 20000;109723.0 20000;109726.0 20000,109728 1044;109697 1056;109667 997;109734 1079;109714 1025;109735 1074;109743 1081;109742 1050;109711 1079;109745 1065;109746 1096;109747 1033;109748 1001;109749 1074;109720 1021;109721 1060;109722 1046;109723 1040;109726 1079
data,1241872500,1367882.0;72552.0;1436373.0;51587.0;1447871.0;76563.0,0.147467708646|0.185334774198|0.216395378383|0.217169069743|0.221264856415 4074.0 86.0 109728 -0.0064|0.0286|0.0164|0.0522|-0.0001;0.138408001774|0.173335868551|0.210483352994|0.230849317833|0.232476123922 8632.0 137.0 109697 0.0039|0.0291|0.0081|0.0262|0.0055;0.148337754402|0.199633930223|0.234735834532|0.220353842607|0.222769368142 12691.0 224.0 109667 -0.0160|0.0015|0.0050|0.0949|0.0059;0.14968990073|0.211582207994|0.217316834871|0.210481156145|0.2137158838 5050.0 373.0 109734 -0.0145|-0.0021|0.0578|0.0629|0.0003;0.150642230105|0.198205361891|0.238683153792|0.230014856404|0.233582857472 2804.0 43.0 109735 -0.0134|0.0051|-0.0048|0.0817|0.0002;0.0999865603464|0.153064452782|0.196462833191|0.179842884796|0.185220896165 5369.0 320.0 109746 0.0398|0.0058|0.0039|0.0945|-0.0041;0.16495276907|0.225112895748|0.229922584911|0.237337326545|0.240650569431 6126.0 359.0 109743 -0.0306|-0.0022|0.0576|0.0506|0.0016;0.0828227536504|0.151782183902|0.194557616804|0.174611391294|0.17952236065 8313.0 575.0 109742 0.0579|-0.0075|0.0069|0.0980|-0.0007;0.148477071617|0.184391329174|0.195062191184|0.17023893593|0.172782080648 8195.0 384.0 109711 -0.0427|0.0233|0.0621|0.1185|0.0069;0.136830429815|0.183310665042|0.199634076376|0.179239773187|0.180985293545 2668.0 50.0 109745 -0.0028|0.0212|0.0477|0.0765|0.0091;0.15425042756|0.21597257765|0.233954064162|0.251119860827|0.254730424637 1418.0 12.0 109714 -0.0117|-0.0008|0.0289|0.0359|-0.0001;0.149888512988|0.152191002802|0.203287911248|0.205332997079|0.209180198829 2470.0 52.0 109747 -0.0209|0.0844|0.0040|0.0398|-0.0027;0.147518372889|0.175001044095|0.175899934278|0.155924311687|0.156185969565 9389.0 623.0 109748 -0.0967|0.0319|0.1137|0.1406|0.0185;0.107691227493|0.139882759658|0.193865949478|0.178252284729|0.179379044771 4723.0 217.0 109749 0.0363|0.0364|-0.0022|0.0663|0.0099;0.124951823847|0.157336570698|0.208938645857|0.217996870309|0.220405288372 7667.0 251.0 109720 0.0217|0.0305|-0.0083|0.0344|0.0027;0.108198834994|0.139320056135|0.155090470142|0.139488548296|0.142144927933 21846.0 1467.0 109721 0.0248|0.0463|0.0549|0.0745|0.0079;0.111923934095|0.123209965088|0.161292793872|0.143683818569|0.149916869088 6933.0 297.0 109722 0.0107|0.0702|0.0266|0.0897|-0.0054;0.151884517493|0.198123295783|0.238569528896|0.255519332284|0.258670461837 3875.0 45.0 109723 -0.0059|0.0178|-0.0004|0.0225|0.0019;0.126912927332|0.177074792894|0.209294655028|0.240548343946|0.244170504902 3495.0 50.0 109726 0.0208|0.0170|0.0134|0.0069|-0.0002,109728.0 20000;109697.0 20000;109667.0 20000;109734.0 20000;109735.0 20000;109711.0 20000;109714.0 20000;109742.0 20000;109743.0 20000;109745.0 20000;109746.0 20000;109747.0 20000;109748.0 20000;109749.0 20000;109720.0 20000;109721.0 20000;109722.0 20000;109723.0 20000;109726.0 20000,109728 1066;109697 1012;109667 1034;109734 1091;109735 1053;109746 1055;109743 1026;109742 1069;109711 1073;109745 1089;109714 1099;109747 1025;109748 1075;109749 1037;109720 1044;109721 1030;109722 1026;109723 1071;109726 1025
data,1241873100,1368940.0;72603.0;1437429.0;51617.0;1448958.0;76606.0,0.145311604951|0.181860279562|0.212616603776|0.213947801316|0.218039155059 4094.0 86.0 109728 -0.0061|0.0273|0.0160|0.0510|-0.0001;0.138284299663|0.17214329447|0.20938081607|0.229044087638|0.230673715062 8647.0 137.0 109697 0.0042|0.0283|0.0081|0.0253|0.0055;0.147550158263|0.197690848239|0.232453821834|0.218470202238|0.220888308923 12716.0 225.0 109667 -0.0165|0.0005|0.0047|0.0956|0.0058;0.151950334265|0.214022116436|0.219082113655|0.227995169856|0.231437818435 6164.0 360.0 109743 -0.0201|-0.0028|0.0572|0.0487|0.0016;0.147304530943|0.207078627606|0.212833786154|0.206632726076|0.209865458721 5070.0 373.0 109734 -0.0145|-0.0021|0.0574|0.0618|0.0003;0.149311294414|0.195966767211|0.23546320723|0.227019289607|0.23058309228 2821.0 43.0 109735 -0.0129|0.0048|-0.0046|0.0799|0.0003;0.151442388104|0.211460947888|0.229427946966|0.246731176592|0.250341707857 1436.0 12.0 109714 -0.0112|-0.0007|0.0282|0.0346|-0.0001;0.0823159806896|0.147188255545|0.18584092294|0.166534360126|0.171655114801 8395.0 578.0 109742 0.0563|-0.0030|0.0124|0.0958|-0.0008;0.147590949906|0.182914276848|0.193443503394|0.169025166087|0.1715452451 8219.0 384.0 109711 -0.0414|0.0232|0.0620|0.1160|0.0068;0.135478405907|0.180748916532|0.196584703125|0.177036046063|0.178790949106 2690.0 50.0 109745 -0.0022|0.0205|0.0469|0.0747|0.0090;0.0874047763173|0.145631915757|0.192717171225|0.176828578012|0.182408994122 5534.0 331.0 109746 0.0586|-0.0002|-0.0056|0.0878|-0.0048;0.145217384945|0.147107101136|0.198145367605|0.201778583262|0.205664603193 2500.0 52.0 109747 -0.0213|0.0817|0.0040|0.0395|-0.0026;0.144843248108|0.171339218372|0.171790967202|0.152822419706|0.153107902457 9682.0 650.0 109748 -0.1041|0.0375|0.1180|0.1370|0.0175;0.106387450992|0.136744136475|0.189037818764|0.174855666211|0.176032672334 4754.0 217.0 109749 0.0355|0.0341|-0.0025|0.0662|0.0098;0.123089175373|0.154266878321|0.205193738354|0.214902088972|0.217335141241 7689.0 251.0 109720 0.0214|0.0291|-0.0080|0.0338|0.0027;0.106363777246|0.135179167457|0.150946746685|0.134992161939|0.137466693358 22011.0 1475.0 109721 0.0199|0.0443|0.0539|0.0868|0.0095;0.111108482634|0.122145617637|0.15959291834|0.142054935634|0.148265494297 6964.0 297.0 109722 0.0117|0.0670|0.0259|0.0877|-0.0053;0.149971843125|0.194746512219|0.233635552964|0.251377145351|0.25453812292 3893.0 45.0 109723 -0.0057|0.0172|-0.0004|0.0221|0.0018;0.124329363215|0.171762235636|0.204286059866|0.236123266216|0.239761936686 3517.0 50.0 109726 0.0199|0.0157|0.0131|0.0070|-0.0002,109728.0 20000;109697.0 20000;109667.0 20000;109734.0 20000;109735.0 20000;109711.0 20000;109714.0 20000;109742.0 20000;109743.0 20000;109745.0 20000;109746.0 20000;109747.0 20000;109748.0 20000;109749.0 20000;109720.0 20000;109721.0 20000;109722.0 20000;109723.0 20000;109726.0 20000,109728 1084;109697 1062;109667 1012;109743 1028;109734 1083;109735 1052;109714 1001;109742 1068;109711 1070;109745 1076;109746 1068;109747 1046;109748 1058;109749 985;109720 1055;109721 1070;109722 1072;109723 1042;109726 1068
data,1241873400,1370069.0;72659.0;1438488.0;51656.0;1449964.0;76650.0,0.143275747995|0.17851700864|0.209503543545|0.211388496894|0.215448071302 4113.0 86.0 109728 -0.0059|0.0264|0.0159|0.0497|-0.0001;0.135891394391|0.169417791248|0.20662267428|0.225720371455|0.227385192808 8668.0 137.0 109697 0.0042|0.0276|0.0081|0.0239|0.0054;0.144848353419|0.194612692838|0.228978924147|0.215184772785|0.217608838099 12743.0 225.0 109667 -0.0169|0.0006|0.0048|0.0935|0.0057;0.149836098705|0.210328418896|0.215208898265|0.224507916853|0.227945613684 6183.0 360.0 109743 -0.0201|-0.0027|0.0567|0.0475|0.0015;0.144445791824|0.203148120174|0.208813424634|0.203594388146|0.206837572841 5093.0 373.0 109734 -0.0143|-0.0018|0.0568|0.0599|0.0003;0.146413059878|0.184005038429|0.225521493821|0.217346894248|0.220987492382 2865.0 45.0 109735 -0.0164|0.0168|-0.0046|0.0819|0.0002;0.148317435318|0.207122478459|0.225330990916|0.242776436462|0.246383360547 1454.0 12.0 109714 -0.0107|-0.0007|0.0279|0.0334|-0.0001;0.0805487774833|0.144960562127|0.181481322961|0.162693853089|0.167927262203 8470.0 581.0 109742 0.0559|-0.0035|0.0188|0.0926|-0.0008;0.146094040569|0.180703294172|0.190897688724|0.166823647207|0.16918732529 8291.0 385.0 109711 -0.0408|0.0218|0.0610|0.1141|0.0076;0.133016754762|0.176370058143|0.191803486648|0.173652444216|0.175364577077 2724.0 50.0 109745 -0.0025|0.0195|0.0464|0.0728|0.0088;0.0848596749191|0.143729755473|0.191682638133|0.175756886578|0.181328756658 5594.0 333.0 109746 0.0551|-0.0014|-0.0052|0.0892|-0.0045;0.143956102442|0.145538015173|0.197045093697|0.201079502541|0.204911568768 2519.0 52.0 109747 -0.0207|0.0797|0.0040|0.0392|-0.0025;0.143181603191|0.16857432855|0.168643163397|0.150953550641|0.151257687631 9961.0 674.0 109748 -0.1059|0.0341|0.1156|0.1374|0.0180;0.0973704611552|0.130360671136|0.18528813451|0.172032855768|0.173299181424 4888.0 224.0 109749 0.0414|0.0293|-0.0055|0.0713|0.0101;0.121914806799|0.152047199309|0.202851985394|0.212493475422|0.214941321107 7708.0 251.0 109720 0.0213|0.0281|-0.0079|0.0325|0.0027;0.1019487484|0.131803075058|0.144539924193|0.127857224538|0.130519791753 22192.0 1490.0 109721 0.0074|0.0463|0.0921|0.0827|0.0094;0.110123086288|0.119242706552|0.156902977357|0.139970945919|0.146327968941 7012.0 299.0 109722 0.0109|0.0687|0.0265|0.0844|-0.0053;0.146243707253|0.189922900728|0.230061337045|0.248669349043|0.251814920813 3910.0 45.0 109723 -0.0055|0.0166|-0.0004|0.0217|0.0018;0.122940033734|0.16966892385|0.20178846925|0.231731854348|0.235378304835 3537.0 50.0 109726 0.0195|0.0153|0.0129|0.0065|-0.0002,109728.0 20000;109697.0 20000;109667.0 20000;109734.0 20000;109735.0 20000;109711.0 20000;109714.0 20000;109742.0 20000;109743.0 20000;109745.0 20000;109746.0 20000;109747.0 20000;109748.0 20000;109749.0 20000;109720.0 20000;109721.0 20000;109722.0 20000;109723.0 20000;109726.0 20000,109728 1096;109697 1074;109667 975;109743 1040;109734 1041;109735 1084;109714 1048;109742 979;109711 1054;109745 1063;109746 1007;109747 1007;109748 1124;109749 1058;109720 1048;109721 1120;109722 1053;109723 1041;109726 1088
data,1241874000,1371177.0;72719.0;1439505.0;51690.0;1451054.0;76713.0,0.139890075777|0.174306592451|0.206445570003|0.209076718595|0.213098471116 4134.0 86.0 109728 -0.0061|0.0257|0.0159|0.0492|-0.0001;0.132268479602|0.165643964322|0.203604961444|0.212949663655|0.214778712601 8719.0 139.0 109697 0.0000|0.0235|0.0074|0.0476|0.0053;0.142938199955|0.191633476477|0.226496423717|0.21273031513|0.215144026066 12768.0 225.0 109667 -0.0170|-0.0000|0.0050|0.0922|0.0055;0.147806451673|0.20715056288|0.212084546093|0.221783112417|0.225178995779 6201.0 360.0 109743 -0.0201|-0.0027|0.0568|0.0468|0.0015;0.142302826095|0.199810589027|0.205618021854|0.200928461165|0.204157890123 5112.0 373.0 109734 -0.0146|-0.0017|0.0569|0.0594|0.0003;0.144474725541|0.181144552888|0.223337849006|0.215114839957|0.218713683843 2888.0 45.0 109735 -0.0165|0.0159|-0.0043|0.0805|0.0002;0.145723741285|0.203308713636|0.221957352909|0.239693813586|0.243264879353 1472.0 12.0 109714 -0.0106|-0.0007|0.0279|0.0328|-0.0001;0.0795948082231|0.135453248642|0.17329577649|0.155077237289|0.160452193665 8544.0 583.0 109742 0.0539|0.0054|0.0199|0.0897|-0.0008;0.144117477532|0.1772282024|0.18757711108|0.163535353593|0.165936432194 8325.0 386.0 109711 -0.0430|0.0275|0.0613|0.1136|0.0075;0.13062267847|0.174076901095|0.189476987095|0.172152743805|0.173852134029 2757.0 51.0 109745 -0.0051|0.0181|0.0458|0.0776|0.0086;0.0781470139516|0.140491878731|0.190288138999|0.17436910195|0.179910007209 5743.0 342.0 109746 0.0605|-0.0037|-0.0082|0.0877|-0.0049;0.142999133555|0.144407152354|0.19625983403|0.200591664128|0.204346004695 2539.0 52.0 109747 -0.0200|0.0774|0.0039|0.0395|-0.0024;0.14182726335|0.166618318376|0.166574868018|0.149598118001|0.149902763646 10169.0 698.0 109748 -0.1079|0.0362|0.1165|0.1410|0.0178;0.0960457114825|0.129126446107|0.184605934321|0.171520666622|0.172760692078 4928.0 224.0 109749 0.0399|0.0293|-0.0047|0.0702|0.0098;0.118295009305|0.148980640759|0.201159279258|0.211182776039|0.21360231168 7735.0 251.0 109720 0.0200|0.0276|-0.0075|0.0322|0.0026;0.0973950178213|0.125231045612|0.131934894524|0.116631713494|0.119608005767 22459.0 1509.0 109721 0.0071|0.0519|0.0931|0.0799|0.0093;0.108035088584|0.117207891584|0.155727219054|0.138893908038|0.145171042034 7055.0 301.0 109722 0.0119|0.0672|0.0259|0.0865|-0.0054;0.143060810524|0.186240812956|0.227312131936|0.246485840844|0.249588667694 3928.0 45.0 109723 -0.0052|0.0161|-0.0004|0.0212|0.0018;0.120940010252|0.16650546963|0.199317839063|0.229653805792|0.23324378478 3557.0 50.0 109726 0.0189|0.0147|0.0129|0.0066|-0.0002,109728.0 20000;109697.0 20000;109667.0 20000;109734.0 20000;109735.0 20000;109711.0 20000;109714.0 20000;109742.0 20000;109743.0 20000;109745.0 20000;109746.0 20000;109747.0 20000;109748.0 20000;109749.0 20000;109720.0 20000;109721.0 20000;109722.0 20000;109723.0 20000;109726.0 20000,109728 1046;109697 1069;109667 1105;109743 1014;109734 1004;109735 1036;109714 1047;109742 1072;109711 1022;109745 1059;109746 1041;109747 1058;109748 1070;109749 1097;109720 1066;109721 1062;109722 1067;109723 1002;109726 1063
data,1241874300,1372201.0;72772.0;1440589.0;51721.0;1452060.0;76746.0,0.139317256654|0.173016206448|0.204839640168|0.207587286296|0.211565640851 4149.0 86.0 109728 -0.0059|0.0249|0.0157|0.0487|-0.0000;0.132214758229|0.165570764814|0.20295869629|0.211642219451|0.213452820569 8736.0 139.0 109697 0.0003|0.0236|0.0073|0.0458|0.0052;0.142466168657|0.19058551602|0.225058190016|0.211533939141|0.213930144154 12784.0 225.0 109667 -0.0163|0.0002|0.0051|0.0902|0.0055;0.146438000623|0.205175722202|0.210009425482|0.219721166235|0.223086341951 6221.0 360.0 109743 -0.0194|-0.0026|0.0550|0.0463|0.0015;0.141887593959|0.185724103542|0.191360627995|0.188601687894|0.192001452238 5147.0 374.0 109734 -0.0154|0.0152|0.0552|0.0580|0.0003;0.143704787056|0.174028783446|0.215855890306|0.2080752602|0.211664150492 2923.0 48.0 109735 -0.0216|0.0511|-0.0029|0.0759|0.0001;0.13319704884|0.192460440541|0.212916014409|0.231524632733|0.23518899206 1508.0 13.0 109714 0.0019|-0.0004|0.0268|0.0307|-0.0001;0.0794509037762|0.132910072093|0.170663867972|0.152750540394|0.157815764382 8602.0 585.0 109742 0.0529|0.0119|0.0196|0.0892|0.0008;0.143349325461|0.175987246944|0.185825157084|0.162758587169|0.165133562186 8358.0 387.0 109711 -0.0414|0.0279|0.0599|0.1118|0.0074;0.130455497485|0.173389452178|0.188430701516|0.171332660325|0.173023359757 2777.0 51.0 109745 -0.0041|0.0181|0.0453|0.0753|0.0085;0.071994096191|0.135724531973|0.18645184247|0.170651302621|0.176338829446 5946.0 361.0 109746 0.0710|-0.0108|-0.0061|0.0928|-0.0058;0.141435470791|0.142731675101|0.193374354851|0.19823132175|0.201966039811 2561.0 52.0 109747 -0.0194|0.0757|0.0038|0.0392|-0.0023;0.140404860372|0.164296707463|0.16403445366|0.147598336841|0.147925295405 10473.0 719.0 109748 -0.1080|0.0475|0.1131|0.1370|0.0180;0.0955871373347|0.127940915991|0.183832480299|0.171037425823|0.172262293381 4947.0 224.0 109749 0.0394|0.0284|-0.0045|0.0703|0.0097;0.118184736183|0.14846534397|0.199847418524|0.209878683004|0.212283142595 7747.0 251.0 109720 0.0202|0.0272|-0.0074|0.0318|0.0026;0.0957503913579|0.123676679258|0.129080197752|0.114514111464|0.117490165396 22556.0 1512.0 109721 0.0125|0.0495|0.0860|0.0783|0.0090;0.106048418255|0.115208745453|0.15413355223|0.137428699955|0.143685253701 7108.0 303.0 109722 0.0140|0.0653|0.0251|0.0855|-0.0055;0.14229483196|0.184823587467|0.225439123123|0.244597972398|0.247671023899 3943.0 45.0 109723 -0.0051|0.0158|-0.0003|0.0208|0.0017;0.120330232607|0.164889983664|0.197674783937|0.228676182386|0.232216372555 3571.0 50.0 109726 0.0186|0.0143|0.0128|0.0068|-0.0002,109728.0 20000;109697.0 20000;109667.0 20000;109734.0 20000;109735.0 20000;109711.0 20000;109714.0 20000;109742.0 20000;109743.0 20000;109745.0 20000;109746.0 20000;109747.0 20000;109748.0 20000;109749.0 20000;109720.0 20000;109721.0 20000;109722.0 20000;109723.0 20000;109726.0 20000,109728 1071;109697 1030;109667 991;109743 1063;109734 1104;109735 1106;109714 1065;109742 1033;109711 1027;109745 1099;109746 1068;109747 1035;109748 1041;109749 1115;109720 1014;109721 1036;109722 1001;109723 1034;109726 1067
data,1241874900,1373277.0;72826.0;1441664.0;51746.0;1453083.0;76800.0,0.138048639009|0.171889221246|0.202991467544|0.205693609401|0.209606389789 4169.0 87.0 109728 -0.0056|0.0250|0.0153|0.0468|0.0018;0.132121692938|0.165460715322|0.20168630124|0.2101407983|0.21196139575 8745.0 139.0 109697 0.0006|0.0236|0.0072|0.0446|0.0051;0.142075926584|0.190048212087|0.223407240811|0.210451559928|0.212851942567 12800.0 226.0 109667 -0.0170|-0.0000|0.0045|0.0920|0.0054;0.140716801669|0.184908825784|0.190471931332|0.187746942244|0.191150700751 5159.0 374.0 109734 -0.0148|0.0153|0.0545|0.0563|0.0003;0.141095634271|0.156375926685|0.200348075695|0.193389325211|0.197265943443 3015.0 52.0 109735 -0.0227|0.0532|-0.0025|0.0745|-0.0001;0.142186238976|0.174104695064|0.183671477016|0.161255968531|0.163636301691 8381.0 387.0 109711 -0.0396|0.0280|0.0592|0.1088|0.0074;0.131925030163|0.191702544174|0.211623802298|0.229844228119|0.233506574327 1519.0 13.0 109714 0.0019|-0.0003|0.0262|0.0297|-0.0001;0.0787639109711|0.130538589385|0.167901437206|0.150416761212|0.155204318518 8689.0 588.0 109742 0.0522|0.0082|0.0183|0.0912|0.0021;0.144514066856|0.2039510229|0.208716656954|0.218182302029|0.221545506512 6235.0 360.0 109743 -0.0189|-0.0025|0.0542|0.0445|0.0015;0.12920193408|0.171957278386|0.186634617398|0.170263021154|0.17196894996 2794.0 51.0 109745 -0.0034|0.0183|0.0448|0.0729|0.0084;0.0672198110775|0.130289114064|0.180285944354|0.165078500509|0.170830618803 6208.0 373.0 109746 0.0666|-0.0018|-0.0073|0.0897|-0.0047;0.139438103144|0.140781821099|0.190480115847|0.195837396647|0.19960172106 2574.0 52.0 109747 -0.0197|0.0757|0.0038|0.0382|-0.0023;0.139105038101|0.162065203443|0.161683209439|0.145516451587|0.145827410085 10812.0 745.0 109748 -0.1029|0.0453|0.1145|0.1338|0.0185;0.094993794391|0.127512691826|0.183026146316|0.170354933232|0.171577329588 4962.0 224.0 109749 0.0394|0.0284|-0.0043|0.0688|0.0097;0.117169642026|0.14679598744|0.197131107347|0.207398580897|0.209824572425 7762.0 251.0 109720 0.0200|0.0267|-0.0072|0.0309|0.0026;0.0939855418695|0.122618936047|0.127238252821|0.113268505042|0.116294895271 22627.0 1517.0 109721 0.0172|0.0477|0.0845|0.0787|0.0088;0.104837111881|0.113883264246|0.152409867472|0.135929973066|0.142215837777 7148.0 305.0 109722 0.0126|0.0648|0.0245|0.0871|-0.0055;0.140503825394|0.182641772937|0.222348207898|0.241872406833|0.244963854031 3954.0 45.0 109723 -0.0050|0.0155|-0.0003|0.0204|0.0017;0.119108131774|0.164257384586|0.196845409582|0.226843912542|0.230385267466 3580.0 50.0 109726 0.0183|0.0144|0.0127|0.0065|-0.0002,109728.0 20000;109697.0 20000;109667.0 20000;109734.0 20000;109735.0 20000;109711.0 20000;109714.0 20000;109742.0 20000;109743.0 20000;109745.0 20000;109746.0 20000;109747.0 20000;109748.0 20000;109749.0 20000;109720.0 20000;109721.0 20000;109722.0 20000;109723.0 20000;109726.0 20000,109728 1113;109697 992;109667 1078;109734 971;109735 1059;109711 1041;109714 1064;109742 1065;109743 1071;109745 1107;109746 1050;109747 1061;109748 1092;109749 1017;109720 1069;109721 1046;109722 1041;109723 1033;109726 1030
